SCFA	Formic_acid_BHA	Lac	Acetic_acid_BHA	3-Hydroxybutyric_acid_BHA	Propionic_acid_BHA	Isobutyric_acid_BHA	Butyric_acid_BHA	Malate_2BHA	2-Methylbutyric_acid_BHA	Succinate_2BHA	Isovaleric_acid_BHA	Valeric_acid_BHA	Fumarate_2BHA	4-Methylvaleric_acid_BHA	Isocitrate_3BHA	Hexanoic_acid_BHA	Citrate	Aceton_BHA	Heptanoic_acid_BHA	Acetoacetate_2BHA	Aconitate_3BHA	Pyruvate_2BHA	2-Oxoglutarate_3BHA	2-Ketoisovaleric_acid_2BHA	3-Methyl-2-oxopentanoic_acid_BHA	Malondialdehyd_2BHA	4-Methyl-2-oxopentanoic_acid_BHA
sample-008	1.39315004	2.665399257	1.635205539	0.996217891	1.335894448	1.054858365	1.516355385	0.859898376	0.868665501	0.202994987	1.061072249	1.199163466	0.917629202	0.900787243	1.420055016	0.139380789	3.923412442	1.414893229	0.014802843	0.880988554	0.360475935	1.625548047	1.825216077	0.867799525	0.550387127	1.492973155	0.37072206
sample-009	1.333437597	0.731746784	0.891517933	0.660243696	1.127093711	0.875332507	0.925954046	2.21789707	0.801094832	0.508920912	0.972933921	0.198818321	2.976378756	2.075977504	1.858186045	0.036056419	4.024374956	1.552919575	0.01052245	0.941821945	0.685049888	2.59623856	1.190109029	1.425921941	0.916985162	1.666501384	1.088631844
sample-010	0.682890568	0.794585741	1.448446598	0.866831275	1.826764448	2.241412554	1.517984979	4.726638495	2.47743845	0.591669254	2.286400203	1.74306933	1.913414646	44.21047624	0.133751878	0.134318109	0.525148143	1.558011576	0.043563681	1.367675456	0.663735416	1.088451355	1.751954476	4.23711532	2.61859069	1.648685558	2.314893847
sample-011	0.73143161	21.41036583	1.372429861	0.696428534	1.237617437	1.513625355	1.319740788	2.129719211	1.651745174	0.756758608	1.638812614	1.276128867	0.695578055	0.863720547	0.592834663	1.503571064	0.449501495	0.925065737	1.021213573	1.041370764	0.510135157	1.667878198	2.233361373	7.890970927	4.963686645	0.500732261	4.068691791
sample-012	1.338820169	1.197155882	1.712620091	2.987853445	2.107947762	2.380671411	1.859990283	4.612270414	2.755151313	1.283172798	2.601580535	2.197092511	4.226415576	1.587799232	0.32913758	1.696334786	0.113755448	1.897670086	0.938821512	4.087203113	0.570251186	1.228732184	1.743126626	4.991518449	2.806513273	2.196386042	1.812238825
sample-013	0.610171281	0.165180345	1.145573129	3.598748137	1.161383885	1.736252657	1.328978101	0.339547082	1.869358628	0.070446766	2.118274025	1.551135167	0.317393771	0.808314522	0.10471906	2.311069132	0.065244919	1.210451607	1.547758075	3.237426404	0.465026293	0.454063366	0.161154441	0.02887734	0.112413601	1.138091494	0.171959417
sample-014	0.920685259	2.151365177	1.099567131	1.918194634	0.750349196	0.748009134	1.051309248	0.610626565	0.674304529	0.147342174	0.78001311	1.013190003	0.591324314	1.394047679	1.448314007	2.76735227	0.484604287	1.047663457	2.862852202	3.260169312	0.466582879	0.687987313	1.339632152	0.796754795	0.370782082	0.436041738	0.255126417
sample-015	0.637563089	0.339041649	0.687875818	2.417468241	0.633047976	0.840628208	0.810862398	0.410078222	0.873007145	0.228933403	1.010853934	0.710744911	0.416780592	0.493767787	2.619440698	1.217011835	3.030645381	0.923502377	0.792565656	2.89471	0.646598383	0.452345729	0.611032466	1.209596315	0.53512	0.643632977	0.484550026
sample-016	0.684402978	0.60178867	0.77956178	0.661346431	0.641690057	0.659146184	0.726852957	0.810120022	0.611017003	0.405964381	0.691094896	0.583023169	0.873126132	7.116161387	0.100503579	0.032232405	0.371045752	0.768748221	0.00842944	1.159909336	0.368774858	0.493896676	1.26766121	1.243387117	0.615564405	1.303915134	0.698160745
sample-017	0.423657214	0.179190138	0.794506954	0.210046579	0.932194197	0.921528302	0.720861811	0.374916719	1.02692039	0.184193268	1.119003203	0.140987589	0.265114077	0.727573636	1.908535211	0.06535267	0.229487552	0.795497734	0.008976792	0.662537951	0.289986749	0.430044582	0.600993818	0.406558048	0.599090048	0.465086095	0.470100652
sample-018	0.907406895	1.480559498	0.714522392	0.755965542	0.735309537	0.658157044	0.840937734	0.231880053	0.617943052	0.248320604	0.749397361	0.62222452	0.178881508	23.96938045	0.323640084	0.087069207	0.11054554	0.767638333	0.00268479	0.982620846	0.400292328	0.360786674	0.276930279	0.156293518	0.168466238	0.729759156	0.157405363
sample-019	0.661241511	0.467126922	1.031073178	0.852045568	1.022856524	2.004690848	1.024558186	1.352205674	2.228595476	0.278219626	2.234153396	1.385891382	0.892966244	0.630729599	1.555639809	0.872651789	1.569122772	1.411793479	1.213736628	2.104005054	0.587113759	1.113749836	1.598791833	2.321862149	1.857873856	1.766626338	2.252615064
sample-020	1.373363168	0.873585168	1.760182588	0.206985955	1.554981658	0.957068894	1.643150347	1.036753173	0.848370926	0.275380255	0.821248431	1.274759853	0.617508809	1.763029643	1.025306194	0.091368671	0.448025841	2.899740863	0.026298018	0.466591998	0.672233252	1.034632824	0.84636535	0.282076386	0.280615653	2.720824636	0.283895018
sample-021	0.581516857	0.521784205	0.717407194	0.418022307	0.828488424	1.212980957	0.781142515	0.188799855	1.452861127	0.218901575	1.526938538	0.965901736	0.167692623	8.720799974	0.38873759	0.08111321	0.206938063	1.091146007	0.019608459	2.026902068	0.428634755	0.888987396	1.118778816	0.883390584	0.482607828	0.671184285	0.313058551
sample-022	0.497621013	1.357389302	0.522469742	0.042263549	0.650657731	0.826357481	0.498442784	0.270694274	0.85221573	0.314661829	0.76151451	0.599926299	0.243690388	0.52501019	0.849926556	0.04921652	0.135534595	0.770371353	0.015274286	0.034135444	0.384383672	0.725944285	0.606809699	0.988945381	1.190030139	0.769255512	0.73503851
sample-023	1.1008535	1.454976316	1.048135451	0.115213276	1.154812371	1.323661247	1.016528756	0.817169236	1.427976287	1.146161021	1.391798141	1.59418539	1.248129688	0.695472289	0.276104028	1.320456263	0.039613732	1.238879522	2.433304721	0.07887022	0.432069342	1.108946561	1.152466569	2.945615001	1.899287481	0.622731822	1.113403858
sample-024	0.513785117	0.295503252	0.578618681	0.202437581	0.472247398	0.781090616	0.609617615	0.548239328	0.85807961	0.198766494	0.94105815	0.598224004	0.50050563	5.9148972	0.139654006	1.017907155	0.034634411	1.153112426	1.61638515	0.504280189	0.86630509	0.653291341	0.348356931	0.377229464	0.229249758	0.570331842	0.151250878
sample-025	0.375244343	2.821079494	0.30271681	0.149723794	0.292275087	0.548007735	0.325213872	0.056151984	0.613354718	0.061360945	0.774645199	0.321317151	0.047238307	0.312010194	1.175373335	0.081306363	1.886756165	0.52163004	0.055728126	0.20351109	0.899026993	0.763492451	0.507983503	0.92260171	0.640924333	0.499077702	0.601452239
sample-026	0.3301326	0.239402205	0.48845345	0.261517956	0.476620213	0.669855348	0.490756053	0.553676539	0.773450673	0.143146759	0.796483939	0.644492764	0.34453259	0.692322265	0.177162628	0.963284766	0.109236601	0.951435926	1.58738463	0.547811776	0.644139784	0.46051721	0.924047442	1.595264023	0.798760932	0.74467178	0.76031508
sample-027	1.302238165	0.674072614	1.242924918	0.562492588	1.324661223	1.337400453	1.60011687	3.960507851	0.880888696	0.359183836	1.134576648	1.674948708	2.03796779	1.059601629	2.861556518	1.736920723	0.610036386	1.158368872	1.27132648	0.469109769	0.22856384	0.625786734	0.31770282	0.342151289	0.225167779	0.781374759	0.12982985
sample-028	0.838594525	1.243079179	0.954529882	0.132621228	1.152254666	1.607196409	0.939576844	1.117482026	1.69847458	0.490646787	1.741689307	1.357362335	0.561025257	0.921514514	0.344752313	0.950561404	0.166056605	1.028287525	1.257143301	0.192457667	0.489967301	1.397801311	1.234856445	2.751677754	1.987515664	0.25593819	1.200105674
sample-029	5.655080242	3.96944652	5.601604772	0.77270024	5.682574235	3.432330767	5.198257803	0.793045287	2.974726885	6.526364659	1.936669744	5.428353618	2.000246218	3.38986062	6.166920193	0.329007519	2.081788054	6.342705415	0.071297424	0.984068952	0.806960784	3.345642405	1.922236893	17.87257467	1.406252598	6.397099974	1.226931629
sample-030	0.595373379	0.927948926	0.42253913	0.218376536	0.425497174	0.51054196	0.254334158	0.4562816	0.506805691	0.410018534	0.466973026	0.347250314	0.499149618	0.27535927	0.521960571	0.032544632	0.959200285	0.590378599	0.056328494	1.863430383	0.302248017	1.755107757	1.343115088	4.976795694	3.421173021	0.699062363	2.297324087
sample-031	1.445504086	1.175367148	2.662164647	1.987816802	2.88474677	2.180571103	2.881273231	5.502622394	1.844471873	6.200264317	1.148504171	3.066591226	2.28993555	1.799773793	1.113311068	4.991292257	0.729095338	1.817655901	4.669371952	4.320437349	0.743792897	1.257318458	0.529484317	0.038146437	0.277535115	1.488090549	0.240867196
sample-032	0.947904129	0.510072744	0.592055952	0.489324358	0.422666089	0.863901582	0.367453735	0.110330109	0.862248167	0.20825106	1.013076637	0.574566761	0.294820958	0.720449424	0.444401048	0.492110603	0.542198243	2.558079858	0.624341623	0.837441113	1.418356388	1.053213659	2.325627726	0.566097005	0.947555462	0.856624964	1.033543326
sample-033	0.435014747	0.153194525	0.258968904	0.072784403	0.185918842	0.472290529	0.258096457	0.072181461	0.53489806	0.032441252	0.661063647	0.277320923	0.085139771	0.218132053	0.049348091	0.149658649	0.113986395	0.777782883	0.181016067	0.081059921	0.700448876	0.256139205	0.105700329	0.037026664	0.213936063	0.370417776	0.189878202
sample-034	0.992410043	0.704043706	1.640143983	0.148179087	1.675114044	1.659399852	1.596839258	1.720933097	1.328079762	0.639426019	1.572217265	1.949785985	1.513948863	1.322142167	0.573010502	2.137948931	0.242695865	1.819145993	1.971935391	0.127240965	1.080455882	1.18100681	0.559003035	0.488900575	0.313437529	0.916104103	0.322573611
sample-035	0.544844077	2.425205431	0.812430695	0.092207606	0.919459805	1.23717773	0.931842337	0.277647011	1.403631158	0.358930048	1.50713632	1.140699967	0.267821316	0.491172248	0.069848846	0.944674098	0.160861282	0.696706628	1.002372872	0.116018391	0.289449062	0.316654229	0.131484105	0.294000027	0.144813788	0.599890976	0.104306995
sample-036	1.951177205	2.809020314	0.648623572	0.427665059	0.629876716	0.845900503	0.61337685	0.805311318	0.88574007	0.718774143	0.784855304	0.600984042	0.72254246	7.516665531	0.132670069	0.057631197	0.099453578	0.990227118	0.064419528	0.741867285	0.652066019	1.100333348	1.857535822	5.685364678	4.201719991	0.751037791	2.986248434
sample-037	1.222341444	1.383008427	0.985214967	0.793068784	0.945014087	1.579541442	1.104819749	0.676358913	1.87924861	0.485974892	1.942272525	1.306359633	0.542886375	1.233604063	0.448972376	2.062268184	0.353226638	4.102281979	2.309295643	1.204143651	1.081096815	1.108695304	0.542662488	0.28558986	0.389847303	1.304005111	0.396100417
sample-038	0.910024458	0.156643303	0.585685325	0.35281046	0.579810794	1.167898282	0.551228545	0.930785197	1.344208209	0.193924545	1.38782737	0.841121592	0.947364407	0.750234075	0.591450484	0.995106682	1.163357697	1.519780618	1.648521774	0.821110467	0.714136711	0.946706942	1.240323099	0.735374609	1.067621404	1.035021533	0.981169344
sample-039	45.8942893	72.83931229	1.766599554	0.356093548	1.826559108	0.890949283	1.973700407	1.289147544	0.650580972	3.415923133	0.606610177	1.0677588	0.727816941	38.90194591	0.148150186	0.056539966	0.495451298	1.450330008	0.008500683	0.075378991	0.359973814	0.717179175	0.317687221	0.507583762	0.386908117	1.325334612	0.47169235
sample-040	3.820239592	1.128315149	2.295045864	7.659839356	5.487724881	3.474254395	1.721677399	7.567669357	3.235602296	18.1993986	1.694212545	1.940352874	6.348635854	2.661684378	3.175411405	0.073107355	0.705963468	5.287893549	0.036861417	0.613908755	1.600393535	3.990366803	2.035681181	2.806983353	5.537842823	3.859407616	5.99684475
sample-041	2.18990883	4.810820716	1.417114973	1.281616551	1.61897118	2.318504814	1.446787857	1.755061754	2.577563156	1.503176541	2.532716125	1.935984092	2.741001713	1.134851105	2.420593962	2.291336116	0.727038143	1.526527169	2.609551568	1.126738023	0.818578734	1.844544509	0.811528732	1.831911103	1.947383847	2.460134399	1.489694412
sample-042	2.789212784	2.490315032	4.144744423	3.965047846	5.374093968	1.994888039	3.45254491	5.357383101	1.08614447	9.592230696	0.995666622	2.413170919	2.930620398	3.054850229	2.018636637	0.398072628	1.569839018	3.489988264	0.030050871	0.973806549	1.771406903	1.74173668	0.850373276	0.77366446	0.975041388	4.884396	0.982054139
sample-043	0.668232454	0.395559828	0.325693776	0.144618361	0.402100768	0.573650506	0.346714368	0.249430328	0.612640719	0.143231106	0.682091596	0.473153306	0.180079622	0.630696212	4.862897529	0.525345841	0.160089725	0.619965074	0.942127996	0.13205065	0.711677277	0.417395293	0.162200425	0.120634827	0.142594403	0.689041728	0.148536665
sample-044	2.218468848	9.493102341	3.160353534	2.734688773	1.879309092	0.972915151	2.998004334	1.843385739	0.566962653	1.502439408	0.62902785	1.377176812	0.69490882	2.808695893	2.628691989	3.883900558	4.683691629	4.784125812	1.007292389	1.907835274	0.321431855	2.056040692	4.287409661	1.570441743	1.989447003	1.853222501	1.927864714
sample-045	0.898569322	0.619438448	0.677720949	0.444706739	0.542794329	1.45323069	0.736552262	0.07503076	1.772493708	0.038662354	2.115675254	1.158426725	0.089326449	0.738082538	0.632027329	0.34974527	0.525234597	1.119624237	0.372728777	1.131217332	1.23837988	0.802363711	0.11490263	0.141031266	0.179074435	1.617334272	0.151302695
sample-046	1.681575843	1.641448613	1.630751952	1.084500592	2.20484377	1.751149469	1.501330737	0.540320564	1.029864699	1.053051349	1.919259858	0.387258074	0.706427393	2.096222236	0.993485175	0.018185596	0.647514751	2.251099157	0.012121542	0.211905858	0.303284914	1.389387591	0.373614326	1.132134897	1.359865094	1.053012545	1.253609916
sample-047	0.805759648	1.513551827	0.828656681	0.437382508	0.582778024	0.374763617	0.971228984	0.720966188	0.25652416	0.201274168	0.286365118	0.491028437	1.20432096	0.864219902	1.369366756	0.031443946	0.901148788	0.944787496	0.00596638	0.392525915	0.126384996	0.856026244	0.877078116	0.361960822	0.405394954	0.966303044	0.514021788
sample-048	1.215642724	1.653926076	0.88577697	1.26651791	0.763841923	0.885974398	0.794646412	0.863319783	0.912974179	0.408353037	0.925274854	0.618097484	0.888453205	1.18466442	2.127722857	0.035648794	4.862153683	1.04174832	0.02149447	0.852797021	0.501986446	1.204633142	1.564563213	1.898523029	2.803748064	1.915293834	3.433278446
sample-049	0.828438705	0.447730112	0.853221083	1.934430449	0.7553597	1.017528771	0.695277591	0.621407357	1.092144695	0.143234757	1.094480116	1.041253325	0.566957235	1.058442507	0.357491992	1.672471295	0.592909542	1.569166887	2.547571437	0.406037558	0.76829941	0.574247217	0.99479651	0.819250958	1.527003362	0.505691779	1.623341017
sample-050	0.560126077	0.373573067	0.709640882	0.567465257	0.685960164	0.983754552	1.052877633	0.601151473	1.125473196	0.044221021	1.205393332	1.121379386	0.406294957	0.693647465	0.608393663	3.331311856	1.206086028	0.882178493	2.9658574	0.786468367	0.28214413	0.416230108	0.143300546	0.242173884	0.433146867	0.512895206	0.513032272
sample-052	0.816322956	2.413519353	0.554167952	0.23056886	0.415955651	0.943752503	0.396146906	0.116026852	0.983478629	0.207775179	1.049327603	0.545604504	0.185982424	0.621494488	0.547277797	0.337468013	1.808712899	1.168836157	0.483561728	0.152639454	0.65300485	1.598091514	0.657379306	1.419890661	2.320612582	1.013816168	2.661237062
sample-053	1.238861283	3.428638908	1.59404043	0.389992214	1.978338715	1.348603788	1.368487821	1.592473526	1.040796402	0.590237718	1.411535721	1.721032664	2.073887527	2.257038685	0.544169697	0.068994424	0.316856767	1.739169863	0.032626205	0.296134826	1.059029722	1.46997197	0.889284005	1.254598504	1.90602545	0.46968791	1.578630595
sample-054	0.759734914	0.794935183	0.881200555	0.884485761	0.75078671	0.825614823	1.080281411	0.387721281	0.78922077	0.035210554	0.794161067	0.935986805	0.353739786	0.565480931	1.950382906	2.363303468	2.906313528	1.624781713	1.57725918	1.506718991	1.100141334	0.521952573	0.838365327	0.157187336	0.127134765	0.718708174	0.101225805
sample-055	2.285468558	2.981685944	2.339822685	12.28597666	1.387779414	1.139299752	2.499879534	2.950524111	0.803350383	6.710831745	0.556981166	1.331748495	1.126734279	2.562109419	4.285914509	0.304054893	2.261245233	2.93205861	0.019149326	0.925993914	0.721733372	2.126386293	0.659263333	0.750878599	0.664640914	1.868514081	0.682831569
sample-056	1.125677191	2.241426432	1.315660203	0.55068481	1.224052155	0.921098695	1.197079799	0.695936743	0.942306502	0.460459584	0.997218807	0.836801581	0.662419723	0.697128056	0.694566058	0.052979012	0.216009274	1.481423823	0.019870187	1.083313388	0.303611306	0.875051397	0.906309929	0.822058781	1.274943741	1.227742255	1.611553366
sample-057	0.753078233	0.317793111	0.52155079	0.213345513	0.53272405	0.773476451	0.493330862	0.361727141	0.700495913	0.17222363	0.78913594	0.570273554	0.447173789	0.702661303	0.484739067	0.369174374	0.416320132	1.163753502	0.274505744	0.470394116	0.341655523	0.652555614	0.813808639	0.5570741	0.680759764	0.779184813	0.512436254
sample-058	1.043622051	0.666668523	0.977862638	2.167622835	0.933637048	1.390179277	1.184200567	1.839480171	1.449898204	0.503637275	1.528181922	1.2454028	1.306717472	0.774598319	0.087411216	1.200052061	0.545291264	1.474006209	0.786128244	0.92391115	0.619630303	0.564909469	0.261440473	0.025665453	0.250016682	1.354819334	0.267126436
sample-059	0.723106905	0.920583505	0.64617875	0.666377557	0.539839857	0.85999131	0.560297206	0.153231375	0.886300214	0.188431986	0.929740612	0.564896545	0.271026692	0.663289761	0.300666918	0.05949692	0.817351529	0.727808817	0.015647112	1.157986631	0.654385121	0.738338978	0.811973121	0.982719876	1.265747997	1.021617995	1.538259477
sample-060	0.705276349	0.684537005	0.666367041	0.410506369	0.597276166	0.687351839	0.792789385	0.247376397	0.696636362	0.230904586	0.560120466	0.593556526	0.197547966	0.999469744	8.817987808	0.040766676	26.58907034	1.09635369	0.008053389	0.436629918	0.389994882	1.199378094	0.8487988	2.908462172	0.987821385	0.484410737	1.290972818
sample-061	0.914671773	0.638415553	1.198697761	1.136198543	1.334252683	0.675074679	0.979403684	0.915515138	0.425039494	0.582659111	0.542773129	0.833675016	0.519429321	0.362684141	6.364607432	0.01881288	1.63461647	1.247965366	0.008511117	0.5800504	0.617199408	0.681612866	0.157958384	0.099782117	0.149751079	0.233720102	0.090318189
sample-062	0.461793275	0.545995517	0.520356949	3.425532609	0.531397688	0.369495728	0.533320063	1.922613072	0.270894257	0.395334969	0.348931591	0.306868006	0.981130891	0.335414816	1.286524468	0.014447661	0.856074806	0.634813803	0.005539605	0.133741616	0.087462164	0.471423071	0.152612154	0.61748757	0.320793238	0.389024824	0.458478324
sample-063	0.575199072	0.248662797	0.357250181	0.128360899	0.24193939	0.50255189	0.322309898	0.093076543	0.559440421	0.083306121	0.63740043	0.338832752	0.110805599	0.43778881	0.167737807	0.401505188	0.55295593	0.859511851	0.412667775	0.250275857	1.126409002	0.508931158	0.201255242	0.059471464	0.1168801	0.607267662	0.12387001
sample-064	0.367805007	0.113122985	0.266158095	0.365477398	0.181954101	0.305485589	0.205308964	0.062979235	0.295076293	0.040096494	0.374102036	0.210171353	0.043816985	0.273995775	0.09348753	0.12111673	0.033833208	0.599808806	0.115263371	0.203070549	0.241241684	0.128712805	0.043550295	0.081775468	0.131751034	0.279966209	0.139290311
sample-065	0.955650321	1.113498262	0.95882039	0.93446793	1.284886556	0.460609895	0.852544621	0.073165864	0.310645313	0.027853428	0.496860022	1.035678906	0.058319877	1.026708537	0.875071293	0.428945864	0.482697538	1.597770241	0.244184346	0.748314326	0.344114956	0.64561157	0.731148853	0.387006795	0.318654	0.72501439	0.279886323
sample-066	1.147567516	0.276328965	0.797143707	0.270624004	0.510237251	0.957696748	0.631354488	0.102254245	1.007991949	0.349257003	0.997555456	0.71321332	0.141938223	0.516484922	0.399384061	1.328700861	0.642907453	1.351420061	1.683198935	0.470331122	0.76424939	0.902780295	2.2668564	0.299394378	0.346402346	0.689771979	0.349608433
sample-067	1.056450915	0.492799142	1.313990174	0.784083376	1.158033731	1.039372308	1.178511727	2.084716976	0.954833169	0.330461682	1.015433208	1.289469589	0.885423122	0.64675578	1.526638611	1.135289894	2.78332774	1.364900528	0.776785383	1.89052436	0.375596853	1.332093948	2.267541482	1.183802551	2.019797511	0.909794413	2.603121288
sample-068	0.598058798	0.277185105	0.453205845	0.973996447	0.422878513	0.671617326	0.521201228	0.193099436	0.761974459	0.097292055	0.948780052	0.618995198	0.150627032	0.548063885	0.579304004	0.074005168	1.313272595	0.994110595	0.008215297	1.639613198	0.278952613	0.451476647	0.408280547	0.15464644	0.192870563	0.964180947	0.179756054
sample-069	0.487842962	0.247277653	0.458388126	0.444971265	0.401300688	0.718693478	0.369683627	0.78778666	0.812668845	0.144071117	0.851440754	0.609283416	0.438035766	0.625919207	0.674410504	0.452234589	0.270944037	0.690961784	0.748752627	0.449798778	0.379814666	0.481221505	0.665150352	0.51586559	0.97427617	0.682349321	0.906945367
sample-070	0.926975196	1.095191387	1.138740844	0.606929463	0.878644415	0.640852883	1.27222379	1.047051741	0.396475969	1.271209423	0.462997258	0.918342242	1.229723001	1.156542561	2.057491245	0.039107008	3.148495875	0.994715763	0.011166564	0.541016111	0.33905473	0.878918264	1.25856585	0.531749191	0.488221158	1.632672663	0.645530259
sample-071	1.498372739	1.65697802	1.696898464	2.89987104	2.198490676	0.809996204	1.627369218	1.604609314	0.64673031	0.454269013	0.81930078	1.554555282	1.99897445	1.824224161	3.723126488	0.096534956	0.831562428	2.822837763	0.028610219	1.296096813	0.729940294	2.32782904	1.717683063	0.604700888	0.80263007	1.145682642	0.881974933
sample-072	0.791903783	0.278922918	0.907248683	0.682579201	1.100328354	1.382256599	1.077570112	1.63655941	1.468115828	0.401059171	1.551966166	1.328316193	0.850203417	0.255248025	0.327881626	0.142482816	0.348577984	0.982446895	0.016209532	0.587543726	0.59003646	1.062350636	0.277111894	0.113062939	0.22199682	1.217748115	0.193846134
sample-073	1.01174991	0.671327873	0.773532616	0.315041408	0.52484444	0.911979595	0.88167789	0.188872469	0.842005246	0.409173185	0.906242335	0.672882584	0.187493451	0.826623884	0.337777088	1.579351796	0.458494036	0.79675503	0.901526934	0.55561642	0.292599021	0.577173986	0.397492714	0.215890251	0.211028805	0.831666921	0.171934114
sample-074	1.151194384	3.117255277	1.401949754	0.926225137	1.68968901	1.220388433	1.591390562	1.314162384	1.399546765	0.936790617	0.822653052	1.168504649	1.246927196	1.687381984	1.356843537	1.369614629	0.410839192	1.177120264	0.018600317	0.971378917	0.218557434	1.110953922	0.631524806	0.269601889	0.301968976	0.755037379	0.315566181
sample-075	0.638138512	2.041771867	0.33010159	0.345732554	0.324471057	0.340091504	0.324074007	0.950544648	0.668363168	0.371659757	0.67436512	0.542705207	0.640478915	0.496357618	0.459342799	0.793451613	0.245418441	0.764822619	2.892806982	0.179916898	0.546071215	0.615912944	0.708560671	1.289095945	1.99768432	0.425668443	1.712800086
sample-076	1.32995186	0.789160028	1.580155873	0.572732733	1.271783587	2.086561344	1.349896667	1.609721903	2.268363006	0.329408331	2.434454574	1.515694985	1.381761503	0.714267969	0.5115952	2.031082393	0.886294289	1.168138761	1.925538905	0.452871099	0.903321154	1.056397732	0.86657188	0.291450269	0.356441272	0.877323211	0.328315221
sample-077	0.696914085	0.274007892	0.425931223	0.24072037	0.368927263	0.747829984	0.287025251	0.154580071	0.761351021	0.244494996	0.83413195	0.274419388	0.245840225	0.449584772	0.381283754	0.353354573	0.196383346	0.783016828	0.528690406	0.52996678	0.726594775	0.760122294	1.284878921	0.539659126	1.049256013	0.551466657	1.345701012
sample-078	0.604991735	0.413483713	0.83285278	1.202159087	0.752806447	0.642677732	0.991361225	0.53651318	0.593629749	0.122195498	0.683937887	0.945134508	0.720123789	0.847296057	0.688851057	2.143508389	0.385453172	0.830034224	1.442419607	1.280903418	0.176596512	0.494584318	0.36563054	0.15589426	0.146124196	0.478762994	0.071938713
sample-079	0.758383659	0.63236672	0.866807795	0.301722861	0.924384341	0.880855527	0.779121596	2.286549573	0.892729826	0.704519794	0.760496003	1.006302079	2.844198783	0.98934268	1.716202408	1.137403679	2.240666828	0.946076163	1.374551985	0.275299237	0.902146603	0.891046022	0.63191637	0.272920479	0.35348673	0.943591926	0.351032269
sample-080	0.676810418	0.613006626	1.108532991	0.50304819	0.853349806	0.703786643	1.300382812	1.333054746	0.437971427	0.226106364	0.477544556	1.040469882	2.575211416	1.577853756	0.720793171	2.058531401	1.52026242	0.845192486	0.531166351	0.308321408	0.518423276	0.945719777	0.969480538	0.166358945	0.220836917	0.935626261	0.210474627
sample-081	0.805023464	0.286167793	0.868281664	1.377622699	1.084930068	1.319084042	0.854001476	0.545371623	1.325751293	0.581948882	1.544826484	1.235521271	0.431193991	0.38762227	0.707442471	0.199510684	0.931687486	1.116535226	0.025788632	1.742084928	0.363444494	0.534779861	0.611344792	0.490029916	0.75425958	1.06793744	0.830650473
sample-082	1.186615272	0.778496976	0.871916402	0.664980905	0.797081661	1.284104788	0.830941582	0.916317238	1.458387602	0.190319262	1.70297834	1.078134607	0.939580849	0.831753176	0.026333407	0.574528738	0.497452524	1.301528432	0.622619379	1.080987619	0.566485661	1.089221021	1.60799758	0.431738015	0.684607249	1.635411104	0.680486443
sample-083	0.697301444	0.490057579	0.888424399	0.387867508	0.74249497	0.709012019	0.979054869	0.666125828	0.620553149	0.372874035	0.681660386	1.037149896	0.470933932	1.485282252	0.691925519	2.134026484	0.629081681	3.090943675	1.641921581	0.209537869	0.483390141	1.099231364	0.547155295	0.241378642	0.34171103	0.858310159	0.30743224
sample-084	0.57731854	0.233873038	0.363903317	0.314130126	0.315788791	0.443405084	0.437560222	0.145827882	0.475527032	0.017485633	0.53575224	0.375330253	0.230281942	0.295957316	0.398452304	0.661584999	1.825778642	3.164688277	0.35949402	0.246005468	17.75057093	0.391147456	0.112696925	0.051120312	0.063897394	0.583414357	0.061190343
sample-085	0.632541315	1.185532111	0.727417163	0.219838547	0.506753143	0.470193614	0.683318094	1.249449712	0.438605059	0.375981248	0.442408065	0.679193649	0.801620113	0.994255903	0.658449538	1.867224399	1.140263049	0.770572348	1.317015583	0.087174797	0.239275287	0.441956645	0.350969414	0.088997949	0.094898362	0.594079454	0.097947563
sample-086	1.16968255	1.141718168	0.817539465	0.467645316	0.547685019	0.887447624	0.737724272	1.229996424	0.924128739	0.18487491	0.91606673	0.582162588	1.280279393	0.846488147	1.858973161	0.70292847	0.812423723	1.784450085	0.473242033	0.756739836	0.770260061	0.754126297	0.503087643	0.085771353	0.138792627	1.141165385	0.134689492
sample-087	0.373104427	0.167863286	0.531860323	0.424605148	0.418828909	0.440805602	0.517433042	0.253092662	0.376990495	0.057365951	0.399053033	0.472735103	0.283608283	0.32591952	0.39729854	0.892855789	0.631732331	1.590909984	0.584783148	0.949928127	0.28285093	0.243013921	0.173748981	0.063903392	0.09177379	0.281108397	0.10209531
sample-088	5.220027796	7.42689019	2.548711941	1.929442061	2.436101212	0.891179126	2.489457303	3.233458328	0.528444344	6.651431675	0.531609017	1.124372946	1.612367409	2.921967752	3.532738574	0.049546321	7.834984192	2.415859027	0.014516304	2.397339165	0.93430197	2.327177205	5.937333935	1.809337677	1.473266136	2.143590886	1.539242502
sample-089	0.835209992	0.90555358	0.867899377	0.727605745	0.629630942	0.736795937	1.02181896	1.741606181	0.625960174	0.388671531	0.670029403	0.70785228	1.704762078	0.768318116	1.13992241	0.066723712	0.825636912	2.707691573	0.007007284	1.468957325	0.588216019	0.8836472	0.645059134	0.185289589	0.158449374	0.7432496	0.187480485
sample-090	0.408384685	0.117448368	0.39688234	0.249875658	0.477482111	0.78789366	0.531422293	0.528372328	0.885620886	0.132703614	0.909085589	0.672029621	0.333392301	0.805355173	0.489603041	1.044481703	0.059597892	1.645817307	1.212306993	0.582919329	0.339741992	0.287563115	0.15613602	0.074838388	0.086146578	0.895719918	0.083689005
sample-091	0.920444232	0.747349195	0.87794883	0.293133303	0.834865529	0.790445589	0.79802366	1.0530301	0.735716133	0.452046218	0.710371894	1.076177028	0.437231899	0.60354146	0.589801819	1.519596964	0.438756412	0.67525781	1.961754593	1.618404003	0.472728959	0.352174955	0.575164148	0.585977699	0.425623387	0.640282145	0.231232257
sample-092	1.063843347	3.087473917	1.501479579	0.714883398	1.226649885	1.5448444	1.466422736	2.805878581	1.640567497	0.655027816	1.491668753	1.922387171	1.050962644	1.70455954	2.703103174	2.794602356	0.448115285	1.868491784	5.927786238	0.562551154	1.01878151	0.632446579	0.346679723	0.300938385	0.254391917	2.248136624	0.266368532
sample-093	1.039187383	1.047357722	1.091388404	0.092290529	0.887258188	0.646806452	1.241305891	1.34321075	0.567735072	0.671399882	0.553645403	0.947071889	1.073795216	1.12529503	0.870747506	2.962147855	0.204584816	0.993465954	1.746765493	0.119165242	0.50819435	1.699828065	0.893896715	0.392809955	0.342595143	1.803151878	0.28219545
sample-094	2.541790742	3.146666525	1.711609523	0.563222382	1.664913693	1.421644282	1.809595428	1.782293416	1.684896525	1.07796767	1.649125405	1.521549524	0.764417049	80.6341554	1.234557587	0.477482964	0.570669076	1.18890099	0.135454879	0.798255106	0.536853809	0.893890833	1.259521628	0.077796083	1.019258488	1.704611494	0.844201607
sample-095	1.49501226	6.406982449	1.638288743	1.226721499	1.673395529	2.191333764	1.515561577	2.066891196	2.484572854	1.295808428	2.474211424	1.785813048	1.581527485	10.10566804	0.209796223	0.231539883	0.118109731	2.940425495	0.180531037	1.886611671	1.431633894	1.586613584	1.065550478	4.130005395	2.653770298	3.273558525	2.596932322
sample-096	10.34418527	4.219579729	2.143883165	2.238250588	2.229086265	2.929426108	2.573370081	1.42895443	2.987841396	1.720319947	2.724285582	2.837600982	1.22976356	0.518399217	0.999425103	4.42208908	0.993547873	2.787194898	4.016639386	1.031764767	1.491892283	1.464530927	0.599322515	0.913036338	0.538661455	2.823271253	0.669370546
sample-097	0.60768974	0.980346547	0.451053151	2.688442738	0.327639269	0.827445478	0.374832781	0.141027386	0.957570787	0.038988355	1.028994863	0.587349275	0.115215037	1.186397669	0.05837946	1.053079541	0.128047742	0.882455177	1.871227102	1.272007962	0.611224364	1.889736124	1.304079512	4.818936925	5.465995981	0.632166411	4.772566641
sample-098	0.859810168	1.225218705	0.994857314	0.468716219	0.989504463	1.540095825	1.011113777	1.261659714	1.706934018	0.293573298	1.949515366	1.309572042	1.172663629	0.728727667	1.079459772	1.299415132	0.351747351	1.02586791	1.544968521	0.887562113	0.436725312	0.486495291	0.656166376	0.697349559	0.409283505	0.447862926	0.358042891
sample-099	0.629571808	0.685551725	1.010411565	1.657612795	1.011034136	1.349231589	1.069938983	2.64254255	1.438348184	0.432202146	1.637469598	1.275991522	1.267792283	0.432281412	1.238013283	1.658249513	1.232497307	1.212199321	1.856177709	0.980975889	0.340257745	0.655466757	0.536020118	1.311991348	0.524698784	2.409347958	0.714567946
sample-100	0.454494729	0.365155671	0.683819744	1.166238261	0.704343051	0.977274775	0.731798851	0.677795973	1.110781802	0.172950644	1.091016237	0.730819019	0.479585074	4.046787403	0.769235019	0.031413613	1.046946163	0.849921099	0.017795965	0.845516328	0.196703249	0.372906348	0.334625278	1.290642226	0.705652528	1.129090257	0.778465995
sample-101	0.987367189	3.043583085	1.299186744	2.189559811	1.363340176	2.404206598	1.40357037	0.835514891	2.840651925	0.758042824	3.165637701	1.963605192	0.434464782	1.324140828	0.124927673	1.498755735	0.39409468	1.735358546	2.305213865	2.569226618	12.68431829	0.850868292	0.66732913	1.590253749	1.115963955	1.649361598	1.016583196
sample-102	21.12299667	14.53738001	3.148511251	0.383947509	3.117207778	1.55833858	2.725979788	2.598950985	1.081137649	3.934550299	1.099710055	1.954447807	1.7551376	65.92937955	1.15245767	0.688325913	2.394982847	1.497676812	0.231904187	0.203729596	0.878340813	1.262076453	0.951182675	2.459495258	1.130511467	4.066287215	0.957918548
sample-103	1.024145684	0.432928396	0.670304829	0.229477208	0.759768131	0.785610266	0.7182601	0.463137209	0.793896347	0.510852274	0.784573665	0.676710875	0.567034325	9.273948836	3.498858872	0.038863481	0.220678965	0.661101575	0.005313968	0.144627389	0.228599144	0.667857906	0.202029257	0.452616828	0.285514989	0.34494913	0.247997357
sample-104	1.257542869	35.18781965	1.627627823	0.285930509	1.728261974	3.044536185	1.83205402	0.58159037	3.552698916	1.650196882	3.174407782	2.519304426	0.740229326	1.042461341	1.016174906	3.134069729	0.194035498	1.963594485	4.495183062	0.116377608	1.741492921	1.408922561	1.221374621	6.783964617	3.748255575	1.057372904	2.145020096
sample-105	0.870467508	1.297233381	0.555408991	1.010282731	0.4695906	0.480888351	0.486820761	0.609063611	0.43722812	0.384174432	0.481147567	0.063739109	0.439701338	3.312157602	4.055327186	0.013293086	2.231396471	0.754566979	0.009369503	1.195886015	0.385455184	0.68211167	0.945811804	2.20028192	0.925323437	0.555142702	0.991934699
sample-106	0.476993278	0.203985747	0.468533899	0.10750436	0.582317612	0.779167659	0.635034653	0.122704135	0.838684631	0.159634202	0.966546785	0.65002206	0.23535223	0.340237173	0.364781027	0.545791193	0.130216044	0.726992356	0.274909774	0.057018865	7.978184833	0.267395446	0.120085979	0.275110607	0.169105592	0.682927955	0.154584648
sample-107	6.158968772	14.01865927	1.700583311	0.483914029	1.38080064	1.025875464	1.994201695	0.834280827	0.819865894	0.535504637	0.810597494	1.782929084	0.403170804	1.529977851	0.729171158	3.77061059	0.270039329	1.26242102	2.417736232	0.422393542	0.472903179	0.881073316	0.752222074	2.282084522	0.92160105	2.523622432	0.896677769
sample-108	2.006923929	2.16350253	1.836790926	1.806818232	1.596872868	1.739624646	1.620505186	3.859653084	1.574142205	1.592105062	1.625717626	2.177554199	4.185688435	0.733469934	0.922291532	3.414894918	1.672423456	4.172463797	3.495443833	1.361370979	14.94106707	1.151955891	1.190009956	0.479563383	0.672180441	1.915761944	0.665216444
sample-109	0.726785637	7.711142426	0.797443336	1.965474502	0.76642157	0.741673288	0.624430882	1.478665099	0.771505288	1.385846438	0.675775468	0.685242292	1.063791627	11.4532225	0.847199952	0.061084438	1.131808825	0.806227084	0.049799054	0.824155427	0.700954327	2.833766518	1.357809411	11.18126753	6.326384891	0.621980514	3.328136208
sample-110	1.085159006	0.490520619	1.321935989	0.255543431	1.628620973	2.649505379	1.233139155	0.408423704	2.990901848	0.528517526	2.846514918	1.449000018	0.346290219	27.4648926	2.427758592	0.084925621	1.004984666	1.94649669	0.030279912	1.37835799	2.67057896	0.852430343	2.163413709	2.976404528	1.823275303	1.54143483	0.992242717
sample-111	0.584918532	0.975649332	1.005983483	0.608049816	1.1277754	1.398214373	1.093668599	3.511793402	1.411015505	0.751674452	1.41445088	1.206102059	2.324005138	0.839760101	0.526641726	0.445065377	1.80778811	1.234066709	0.336446024	1.621525156	0.421313543	0.917911685	1.456028287	2.084434015	1.328776693	0.499294546	0.860090151
sample-112	0.665738522	0.732373566	1.409637314	1.444978086	1.218921871	0.920028983	1.526797245	1.706843272	0.78558898	0.289606122	0.815630404	1.178570748	1.174274258	1.79743347	0.496060807	1.346165225	0.530635238	1.557299659	0.647881211	2.109722595	0.3582428	0.765015066	1.179375438	1.303105904	0.765893641	1.454049806	0.80687846
sample-113	1.066658703	0.763292462	1.605500533	0.999094197	1.771868215	1.321535933	1.617555666	3.503862941	1.481636771	2.943955587	1.003817458	0.368142219	1.935522502	7.558567353	1.470974736	0.030392169	1.430036687	1.304343936	0.017516854	1.226626704	0.431673803	0.794105228	1.926666555	3.001971301	2.018718717	1.315865883	1.871172704
sample-114	0.322488941	0.313973509	0.336801651	0.764278599	0.247122891	0.487718418	0.143362906	0.194226881	0.497259202	0.060851675	0.688433235	0.301942439	0.208518565	0.305452443	1.916830393	0.027251932	0.046822676	1.012392166	0.066996137	0.966431768	1.166965658	0.951459201	1.573315866	4.111234155	2.762718086	0.412418023	2.073344885
sample-115	2.894016721	1.953998515	1.819197641	0.376981358	1.412939027	1.03270427	2.014791324	3.959224704	0.733164222	1.563539346	0.757769916	1.702891752	1.384676642	0.158133881	7.61081715	1.912849141	1.92271543	1.576471418	1.003369733	0.231594246	0.717292983	1.041348192	0.217847448	0.029174958	0.233714475	0.94523623	0.314448085
sample-116	0.482787859	0.387119462	0.470796958	0.139938938	0.421742554	0.853541837	0.508306221	0.777717762	0.98090241	0.100906542	0.986949565	0.644905231	0.399864396	25.7114105	0.112636524	0.119463547	0.05678603	0.606076972	0.036367399	0.146179472	0.534125288	0.265221805	0.269216326	0.814161487	0.460772879	0.512331793	0.242977078
sample-117	0.618565796	0.423487925	0.881389207	0.119134799	0.679143529	0.56072058	0.704340805	0.719937674	0.648830974	0.479250264	0.59049252	0.930628131	0.519956876	0.935045865	1.381658499	1.625977562	0.791550034	0.743125618	2.595647318	0.149384512	0.293914736	0.830514834	1.501931527	2.049793342	1.307013014	0.95859751	1.535061022
sample-118	1.533830662	1.185993294	1.814228759	2.613828051	1.663335713	1.667341384	1.358407992	1.917344067	1.559964785	0.611376653	1.649193664	1.540285291	2.045560581	1.775068448	2.947938212	0.133666851	4.669939521	2.615766659	0.043016222	0.344728525	1.132282911	2.160266407	2.629755039	2.132957848	3.246616326	1.142967607	3.328693766
sample-119	0.781353588	0.434262263	0.975230673	0.154939104	0.760508289	0.838020938	0.689042334	3.539413969	0.717874793	0.330690922	0.771057185	1.026829563	2.742602175	0.684676105	0.259214493	1.485207462	0.316522939	1.78251948	3.328709519	0.454871984	0.806115551	1.508511639	1.439145423	1.916936374	1.283150082	1.239314855	0.927054286
sample-120	1.236373762	1.603890541	2.011583425	0.207736635	2.151002726	2.131185278	1.96077607	1.58685977	2.307169316	3.821784118	1.547040501	2.458173013	3.192385358	1.984432458	2.72734708	3.301132345	0.366596476	2.413497184	4.663179216	1.091945511	1.031261554	1.293407863	2.432011487	2.069959635	1.261282494	0.72834491	1.14202514
sample-121	66.53545309	459.1480769	8.47522354	33.48608222	4.933185839	1.944307726	8.847007186	10.17612485	1.165607667	18.32290552	0.628836316	3.247169164	3.864070875	2.883962138	22.5523846	8.730579818	14.73814775	3.773030127	1.862512985	3.782838786	0.615561946	6.552331062	4.360252091	7.147233587	3.961907625	7.340839347	5.360558165
sample-122	0.670499331	0.385978764	1.11881408	0.594124918	0.938005526	0.648830294	1.321292655	0.4260292	0.514342714	0.02579605	0.661411773	1.129992895	0.301102746	0.563636948	0.497565643	0.506899112	0.061309292	0.673415591	0.107378813	0.718960786	0.116657534	0.389379807	0.405109504	0.268150095	0.151756315	0.724397501	0.129117998
sample-123	1.374633793	2.518883756	1.126980304	0.785039016	1.059855585	1.099014402	1.331105862	1.99010043	1.214791514	0.525931913	1.300676604	1.047425981	0.943786119	19.09728025	0.464823117	0.094579768	0.974958863	1.361186205	0.025789299	1.679796249	0.716000399	1.273073278	0.991593839	1.669555855	1.329646153	0.983279783	0.978165234
sample-124	5.937554148	9.007991852	8.690976534	10.33498246	7.120026143	3.534331061	8.587260243	10.65970447	1.737729887	22.3669007	0.621883449	4.694088576	7.869876859	94.51565102	44.3362315	0.168936209	16.47438006	8.293577715	0.052124982	12.35358462	3.634021463	18.27092422	2.115253152	1.611034168	1.170639926	8.750359892	1.373671581
sample-125	0.577267172	1.690651261	1.258857447	4.972259692	1.040589891	2.450026724	1.118765767	1.063036607	2.730276176	0.228123419	2.617422471	1.746261126	0.412601208	0.875010503	0.16567884	1.808758766	0.123331327	2.281193711	3.529515399	3.639793626	1.500027978	2.14515377	1.312677833	10.5540205	7.267134941	0.849664284	5.588917425
sample-126	0.416762861	0.319139661	0.827759812	0.615997244	0.866848457	1.185393991	0.864204207	2.077183575	1.359342161	0.099490488	1.492988304	1.089053216	0.889833683	17.92356279	0.058141644	0.091501844	0.084796729	1.194498281	0.017759822	2.060866828	0.541708303	0.498111268	1.000178249	1.417035291	1.15634535	1.977190698	0.951013072
sample-127	1.662515544	1.657237467	2.794734805	2.736619962	2.864615372	1.285854124	3.209152841	4.700213068	0.935872764	8.334372661	0.590650664	1.878040252	2.455536217	57.79494635	3.789121832	0.124483763	2.034857709	2.859633834	0.011845641	2.096392482	1.103417086	2.955229434	2.90715261	0.143577476	1.358482168	1.209383454	1.329595465
sample-128	0.560316799	0.813364842	1.348898588	0.899889575	1.584695583	2.163427498	1.57818785	2.304184326	2.375097891	0.157493485	2.615465485	1.708520348	0.654886732	130.8168914	0.156143017	0.139058458	0.411181301	1.606569989	0.040976307	2.291126867	0.592016426	0.484072263	0.138486379	1.507508428	0.689713553	0.437173476	0.863988095
sample-129	0.865202014	10.5890712	1.889845757	0.121280405	1.812407895	1.267949118	2.069612072	0.437931657	1.072618026	0.386884705	1.337179379	1.739427673	0.12231568	18.13723961	1.490339058	0.098790987	0.387323828	0.655005761	0.010875722	0.225426816	0.150480581	0.295710832	0.120054918	0.223059262	0.170538913	1.282402987	0.169205281
sample-130	0.419757128	1.159640904	0.831900557	0.116130069	1.011042989	1.167243381	1.14363391	0.744437034	1.314077923	0.226923959	1.552540401	1.215584396	0.296952438	0.749867416	0.186291682	0.121677389	0.127241285	0.781507177	0.018560873	0.048170199	0.459047266	0.845970873	0.468856828	1.465356592	0.932445471	0.43811713	0.585203852
sample-131	1.185062408	4.844476689	1.767865357	0.509576145	1.832799437	0.74290806	1.996182276	1.114757644	0.523854243	0.554520016	0.698767173	1.286644477	0.496996031	36.46990482	0.369498966	0.077237709	0.148757103	1.247982162	0.007726764	0.146133459	0.706577745	1.079114082	0.211711539	0.511369859	0.188162877	2.808964156	0.248099943
sample-132	153.2530139	16.31318761	1.773878431	4.656495145	1.193487543	0.090985565	0.41434315	0.500663414	0.263317907	3.917575677	0.335971439	0.011297863	0.031621465	1.972513241	11.54855982	0.023585672	0.724354441	0.909235452	0.013407542	0.031625433	0.435027515	2.32935798	0.297573972	1.658431162	1.69970082	1.587506608	2.414332622
sample-133	0.592312027	1.801097979	0.21169613	1.363324304	0.104405488	0.011026239	0.005664977	0.237686615	0.018664347	0.699825404	0.02767806	0.001098995	0.60139822	0.426816993	25.99428065	0.01586441	1.190797726	0.838602631	0.460960999	0.047809554	0.119605994	1.458005337	0.070876894	3.680954528	16.61436147	0.14149741	30.24083581
sample-134	3.027911394	8.397140762	4.907257605	3.353373511	7.183992182	3.034872598	3.634550392	10.23641467	2.666893885	31.90640209	1.071189057	1.836601671	7.823193899	5.455843971	4.252445656	0.034429613	0.653395312	3.842253774	0.015250625	0.152117611	3.42163182	1.854715739	0.818958758	57.65859609	0.665437801	3.273217253	0.821452737
sample-135	0.553915987	0.547482943	1.031860253	0.867575501	1.013092544	1.200701747	1.036690479	1.345887128	1.097606704	0.054158854	1.298574036	1.177408172	0.880662727	40.00494422	0.208338638	0.12920441	0.729080488	1.446672974	0.016991508	1.652072665	1.110237366	0.637327111	0.871417382	0.294648323	0.189895018	0.37622909	0.229077067
sample-136	1.029861226	1.277273937	1.163458128	1.239484025	1.118790255	1.172666677	1.120518836	1.415460335	0.997862593	1.310679945	1.139669272	1.108136536	1.269901718	0.95991971	1.856961642	1.260719588	2.285243248	0.959945758	1.306772532	1.264067811	1.546010176	1.182189833	1.377028934	1.140031902	1.201647182	1.042550296	1.168668437
sample-137	1.057275599	4.602945913	1.887919976	0.725809997	1.646774494	2.423328589	1.579858127	1.724297018	2.837646864	2.513827073	2.380790612	1.979663908	1.527820288	14.67988516	0.274444709	0.499183307	0.116744659	2.488934834	0.386767197	0.705222115	1.571382855	1.556136872	1.203862677	9.095641471	5.930311224	1.120059577	5.588192359
sample-138	26.62456374	20.58292314	2.115023177	0.401260025	1.999962918	1.565650973	2.487717629	1.509719864	1.393289647	3.553576991	1.190098799	1.736865404	1.124282799	28.60036732	1.294066786	0.206843809	0.399708092	1.609273781	0.038694107	0.271628651	0.699581054	1.52697843	0.678565459	1.037891721	1.078433765	1.474905618	0.863056581
sample-139	0.830073223	9.715509645	1.544923221	2.765265858	2.249670738	0.757950252	1.614291907	1.027615008	0.534172329	1.978294253	0.541785138	1.836831081	0.431689371	0.628714013	0.609964531	0.066878261	0.318168522	0.983006581	0.010694506	0.679994812	0.329970916	0.409161596	0.179082056	0.459347052	0.489861165	0.601158831	0.682187085
sample-140	1.087112384	3.133107033	1.380621479	0.087835675	1.737159119	1.92864417	1.475694038	2.092071542	2.001451522	0.972098058	1.647294248	1.931789204	0.903119083	2.636798858	1.21556965	0.266689958	0.486769795	1.149559214	0.04732094	0.168543883	0.859614495	1.519612208	0.488657138	9.269014463	0.348821186	0.961473713	0.212226475
sample-141	0.619953627	0.420832315	0.620148043	0.524058635	0.681535802	1.394616579	0.534686142	0.412386248	1.485081942	0.044199517	1.79930279	0.910920028	0.469957224	0.67957949	0.540069293	0.037324194	1.971952129	2.738935432	0.019154119	0.609061196	0.249640535	1.965294936	0.804284909	1.174972684	1.422610691	1.247925581	1.389310129
sample-142	0.720222226	6.754249782	1.482999666	1.48182189	1.406520989	1.757775147	1.289733581	1.023912891	1.087297118	0.768085071	1.566576395	0.716847335	0.807845674	0.748909477	0.729949282	0.508008444	0.497256084	0.913403401	0.011982888	0.473599127	0.595739127	0.365392887	0.176699993	0.365006017	0.390157539	0.611000055	0.405515392
