,Seed,Features (k),Label,Model,Sampling_Strategy,0 vs Rest - AUC,1 vs Rest - AUC,2 vs Rest - AUC,0 vs Rest - Precision,0 vs Rest - Recall,0 vs Rest - F1,0 vs Rest - MCC,1 vs Rest - Precision,1 vs Rest - Recall,1 vs Rest - F1,1 vs Rest - MCC,2 vs Rest - Precision,2 vs Rest - Recall,2 vs Rest - F1,2 vs Rest - MCC,OvR Macro AUC,OvR Macro Precision,OvR Macro Recall,OvR Macro F1,OvR Macro MCC,0 vs 1 - AUC,0 vs 1 - Precision,0 vs 1 - Recall,0 vs 1 - F1,0 vs 1 - MCC,0 vs 2 - AUC,0 vs 2 - Precision,0 vs 2 - Recall,0 vs 2 - F1,0 vs 2 - MCC,1 vs 2 - AUC,1 vs 2 - Precision,1 vs 2 - Recall,1 vs 2 - F1,1 vs 2 - MCC,OvO Macro AUC,OvO Macro Precision,OvO Macro Recall,OvO Macro F1,OvO Macro MCC
0,0,2,"s150_f1000_r200",rf,SMOTE,0.7633862433862434,0.8228517213336948,0.6509978991596639,0.8350515463917526,0.7714285714285715,0.801980198019802,-0.36621415144441355,0.5277777777777778,0.6129032258064516,0.5671641791044776,0.3383780416103893,0.29411764705882354,0.35714285714285715,0.3225806451612903,0.09633028669937815,0.7457452879598674,0.552315657076118,0.5804915514592934,0.5639083407618567,0.022831392288451307,0.8279569892473118,0.5384615384615384,0.6774193548387096,0.6,0.4693533609048487,0.5775510204081633,0.1875,0.21428571428571427,0.2,0.0854504531016371,0.8824884792626728,0.6428571428571429,0.6428571428571429,0.6428571428571429,0.4815668202764977,0.7626654963060493,0.45627289377289376,0.511520737327189,0.480952380952381,0.34545687809432785
1,0,1000,"s150_f1000_r200",rf,SMOTE,0.8414814814814815,0.8950935212794795,0.7022058823529411,0.808,0.9619047619047619,0.8782608695652174,-0.5105591764046271,0.76,0.6129032258064516,0.6785714285714286,0.5105591764046271,0.0,0.0,0.0,0.0,0.8129269617046341,0.5226666666666667,0.5249359959037379,0.518944099378882,0.0,0.8878648233486944,0.7727272727272727,0.5483870967741935,0.6415094339622641,0.5704904015797394,0.746938775510204,0.0,0.0,0.0,-0.03361463227264072,0.9124423963133641,0.8181818181818182,0.6428571428571429,0.72,0.6230071854549235,0.8490819983907542,0.5303030303030303,0.39708141321044543,0.4538364779874214,0.38662765158734075
2,1,2,"s150_f1000_r200",rf,SMOTE,0.7301587301587302,0.800487937110328,0.6334033613445378,0.8260869565217391,0.7238095238095238,0.7715736040609137,-0.32324749910910416,0.5121951219512195,0.6774193548387096,0.5833333333333334,0.3784138175704781,0.17647058823529413,0.21428571428571427,0.1935483870967742,-0.03542846410524242,0.7213500095378653,0.5049175555694176,0.5385048643113158,0.5161517748303405,0.006579284785377171,0.8086021505376344,0.5476190476190477,0.7419354838709677,0.6301369863013698,0.5093739193844468,0.64421768707483,0.16666666666666666,0.35714285714285715,0.22727272727272727,0.08833315666719667,0.9124423963133641,0.7692307692307693,0.7142857142857143,0.7407407407407407,0.6307296742769206,0.7884207446419428,0.4945054945054945,0.6044546850998463,0.5327168181049459,0.40947891677618803
3,1,1000,"s150_f1000_r200",rf,SMOTE,0.8548148148148148,0.9005150447275685,0.8539915966386555,0.8095238095238095,0.9714285714285714,0.8831168831168831,-0.5096477574101163,0.75,0.5806451612903226,0.6545454545454545,0.5096477574101163,0.0,0.0,0.0,0.0,0.8697738187270129,0.5198412698412699,0.517357910906298,0.5125541125541125,0.0,0.9001536098310291,0.8947368421052632,0.5483870967741935,0.68,0.6405308471394267,0.8360544217687075,0.0,0.0,0.0,0.0,0.935483870967742,1.0,0.5,0.6666666666666666,0.6386663736585051,0.8905639675224929,0.6315789473684211,0.3494623655913978,0.4488888888888889,0.4263990735993106
0,0,10,200_redundant_values,rf,No Sampling,0.7765079365079366,0.8191921930062348,0.7376575630252101,0.7795275590551181,0.9428571428571428,0.853448275862069,-0.3931026678146449,0.6521739130434783,0.4838709677419355,0.5555555555555556,0.3931026678146449,0.0,0.0,0.0,0.0,0.7777858975131271,0.47723382403286546,0.47557603686635946,0.46966794380587484,0.0,0.861136712749616,0.75,0.4838709677419355,0.5882352941176471,0.5167361623251524,0.7319727891156462,1.0,0.2857142857142857,0.4444444444444444,0.5107539184552491,0.891705069124424,0.8181818181818182,0.6428571428571429,0.72,0.6230071854549235,0.8282715236632288,0.8560606060606061,0.4708141321044547,0.5842265795206971,0.550165755411775
1,0,1000,200_redundant_values,rf,No Sampling,0.8215873015873015,0.8804554079696394,0.7363445378151261,0.7342657342657343,1.0,0.8467741935483871,-0.311994136771645,0.8571428571428571,0.1935483870967742,0.3157894736842105,0.311994136771645,0.0,0.0,0.0,0.0,0.8127957491240223,0.5304695304695305,0.39784946236559143,0.3875212224108659,0.0,0.8823348694316437,1.0,0.2903225806451613,0.45,0.4899290561509494,0.8027210884353742,0.0,0.0,0.0,0.0,0.8824884792626728,1.0,0.35714285714285715,0.5263157894736842,0.5261042808091513,0.8558481457098969,0.6666666666666666,0.21582181259600616,0.3254385964912281,0.3386777789867002
2,1,10,200_redundant_values,rf,No Sampling,0.7834920634920635,0.837625372729737,0.6843487394957983,0.7716535433070866,0.9333333333333333,0.8448275862068966,-0.35446216966772703,0.6666666666666666,0.45161290322580644,0.5384615384615384,0.36833812566191065,0.5,0.07142857142857142,0.125,-0.0008092288929098231,0.7684887252391995,0.6461067366579177,0.4854582693292371,0.502763041556145,0.004355575700424599,0.8341013824884792,0.75,0.3870967741935484,0.5106382978723404,0.45441454149799565,0.6843537414965986,0.0,0.0,0.0,-0.04774099160262886,0.9423963133640553,0.8888888888888888,0.5714285714285714,0.6956521739130435,0.6240199689585152,0.8202838124497109,0.5462962962962963,0.3195084485407066,0.40209682392846124,0.3435645062846273
3,1,1000,200_redundant_values,rf,No Sampling,0.826031746031746,0.8983464353483329,0.7899159663865546,0.7553956834532374,1.0,0.860655737704918,-0.41195222446488616,0.9090909090909091,0.3225806451612903,0.47619047619047616,0.41195222446488616,0.0,0.0,0.0,0.0,0.8380980492555445,0.5548288641813821,0.44086021505376344,0.4456154046317981,0.0,0.8829493087557603,0.8181818181818182,0.2903225806451613,0.42857142857142855,0.41738213673552504,0.810204081632653,0.0,0.0,0.0,0.0,0.9193548387096775,1.0,0.35714285714285715,0.5263157894736842,0.5261042808091513,0.8708360763660302,0.6060606060606061,0.21582181259600616,0.3182957393483709,0.3144954725148921
0,0,10,200_redundant_values,rf,Random OverSampling,0.7881481481481482,0.8541610192464083,0.7100840336134454,0.8141592920353983,0.8761904761904762,0.8440366972477065,-0.40780930132559273,0.5757575757575758,0.6129032258064516,0.59375,0.39121146564014514,0.5,0.14285714285714285,0.2222222222222222,0.08526533994753764,0.7841310670026673,0.6299722892643247,0.5439836149513568,0.5533363064899762,0.02288916808736335,0.861136712749616,0.6176470588235294,0.6774193548387096,0.6461538461538462,0.5363394543017094,0.6789115646258503,0.3333333333333333,0.07142857142857142,0.11764705882352941,0.10765704024436232,0.9124423963133641,0.7142857142857143,0.7142857142857143,0.7142857142857143,0.5852534562211982,0.81749689122961,0.5550887021475256,0.4877112135176651,0.4926955397543633,0.40974998358908993
1,0,1000,200_redundant_values,rf,Random OverSampling,0.8241269841269842,0.8907563025210083,0.766281512605042,0.7829457364341085,0.9619047619047619,0.8632478632478633,-0.4285240939073209,0.7142857142857143,0.4838709677419355,0.5769230769230769,0.4285240939073209,0.0,0.0,0.0,0.0,0.8270549330843447,0.4990771502399409,0.48192524321556585,0.48005698005698005,0.0,0.9167434715821813,0.8571428571428571,0.5806451612903226,0.6923076923076923,0.640935036968014,0.7414965986394557,0.0,0.0,0.0,0.0,0.8986175115207373,0.875,0.5,0.6363636363636364,0.5663766203017313,0.8522858605807914,0.5773809523809524,0.3602150537634408,0.44289044289044294,0.4024372190899151
2,1,10,200_redundant_values,rf,Random OverSampling,0.8101587301587302,0.8769314177283817,0.7998949579831932,0.8434782608695652,0.9238095238095239,0.8818181818181818,-0.4981500186398086,0.7,0.6774193548387096,0.6885245901639344,0.5012100109655354,0.8,0.2857142857142857,0.42105263157894735,0.05687755485131436,0.8289950352901018,0.7811594202898551,0.6289810547875064,0.6637984678536878,0.019979182392347052,0.8308755760368662,0.59375,0.6129032258064516,0.6031746031746031,0.4836998003604329,0.7952380952380953,0.5,0.21428571428571427,0.3,0.2734570552425863,0.9147465437788018,0.9,0.6428571428571429,0.75,0.6799343576727906,0.8469534050179212,0.6645833333333333,0.4900153609831029,0.551058201058201,0.47903040442527
3,1,1000,200_redundant_values,rf,Random OverSampling,0.8433862433862434,0.8837083220384928,0.8476890756302521,0.7829457364341085,0.9619047619047619,0.8632478632478633,-0.4084621044921841,0.6666666666666666,0.45161290322580644,0.5384615384615384,0.4084621044921841,0.0,0.0,0.0,0.0,0.8582612136849961,0.48320413436692505,0.4711725550435228,0.4672364672364672,0.0,0.871889400921659,0.8,0.3870967741935484,0.5217391304347826,0.4801280122809615,0.8455782312925171,0.0,0.0,0.0,0.0,0.8755760368663594,0.875,0.5,0.6363636363636364,0.5663766203017313,0.8643478896935118,0.5583333333333333,0.2956989247311828,0.38603425559947296,0.34883487752756426
0,0,10,200_redundant_values,rf,SMOTE,0.7889947089947089,0.8468419625914881,0.6769957983193277,0.8272727272727273,0.8666666666666667,0.8465116279069768,-0.43657034581926774,0.5945945945945946,0.7096774193548387,0.6470588235294118,0.440106764471759,0.6666666666666666,0.14285714285714285,0.23529411764705882,0.023867143379311208,0.770944156635175,0.6961779961779961,0.5730670762928828,0.5762881896944825,0.009134520677267492,0.8682027649769586,0.6129032258064516,0.6129032258064516,0.6129032258064516,0.4986175115207373,0.624829931972789,0.6,0.21428571428571427,0.3157894736842105,0.31353483628976775,0.9308755760368663,0.7142857142857143,0.7142857142857143,0.7142857142857143,0.5852534562211982,0.8079694243288712,0.6423963133640553,0.5138248847926268,0.5476594712587922,0.4658019346772344
1,0,1000,200_redundant_values,rf,SMOTE,0.8414814814814815,0.8950935212794795,0.7022058823529411,0.808,0.9619047619047619,0.8782608695652174,-0.5105591764046271,0.76,0.6129032258064516,0.6785714285714286,0.5105591764046271,0.0,0.0,0.0,0.0,0.8129269617046341,0.5226666666666667,0.5249359959037379,0.518944099378882,0.0,0.8878648233486944,0.7727272727272727,0.5483870967741935,0.6415094339622641,0.5704904015797394,0.746938775510204,0.0,0.0,0.0,-0.03361463227264072,0.9124423963133641,0.8181818181818182,0.6428571428571429,0.72,0.6230071854549235,0.8490819983907542,0.5303030303030303,0.39708141321044543,0.4538364779874214,0.38662765158734075
2,1,10,200_redundant_values,rf,SMOTE,0.8173544973544974,0.8850637029005151,0.811186974789916,0.8260869565217391,0.9047619047619048,0.8636363636363636,-0.46523261652704595,0.6896551724137931,0.6451612903225806,0.6666666666666666,0.4813439352706274,0.3333333333333333,0.14285714285714285,0.2,0.03410302169000897,0.8378683916816428,0.6163584874229552,0.5642601126472094,0.5767676767676767,0.016738113477863477,0.8635944700460829,0.72,0.5806451612903226,0.6428571428571429,0.5566586355914314,0.7238095238095238,0.3,0.21428571428571427,0.25,0.1714303917188926,0.9308755760368663,0.8181818181818182,0.6428571428571429,0.72,0.6230071854549235,0.8394265232974911,0.6127272727272728,0.4792626728110599,0.5376190476190477,0.4503654042550825
3,1,1000,200_redundant_values,rf,SMOTE,0.8548148148148148,0.9005150447275685,0.8539915966386555,0.8095238095238095,0.9714285714285714,0.8831168831168831,-0.5096477574101163,0.75,0.5806451612903226,0.6545454545454545,0.5096477574101163,0.0,0.0,0.0,0.0,0.8697738187270129,0.5198412698412699,0.517357910906298,0.5125541125541125,0.0,0.9001536098310291,0.8947368421052632,0.5483870967741935,0.68,0.6405308471394267,0.8360544217687075,0.0,0.0,0.0,0.0,0.935483870967742,1.0,0.5,0.6666666666666666,0.6386663736585051,0.8905639675224929,0.6315789473684211,0.3494623655913978,0.4488888888888889,0.4263990735993106
0,0,10,200_redundant_values,rf,Random UnderSampling,0.7726984126984127,0.8172946597994035,0.7878151260504201,0.881578947368421,0.638095238095238,0.7403314917127072,-0.3690718825883046,0.4878048780487805,0.6451612903225806,0.5555555555555556,0.3471743719812807,0.15151515151515152,0.35714285714285715,0.2127659574468085,0.07192375742868648,0.7926027328494122,0.5069663256441177,0.5467997951868919,0.5028843349050237,0.016675415607220866,0.8768049155145929,0.5208333333333334,0.8064516129032258,0.6329113924050633,0.5156445557016884,0.5530612244897959,0.12,0.42857142857142855,0.1875,0.006216698721602092,0.8894009216589862,0.75,0.8571428571428571,0.8,0.7041792564641388,0.7730890205544583,0.46361111111111114,0.6973886328725039,0.5401371308016878,0.40868017029580983
1,0,1000,200_redundant_values,rf,Random UnderSampling,0.8061375661375662,0.8500948766603416,0.7830882352941176,0.9047619047619048,0.7238095238095238,0.8042328042328042,-0.41454465357443193,0.5681818181818182,0.8064516129032258,0.6666666666666666,0.46949600716221734,0.36363636363636365,0.5714285714285714,0.4444444444444444,-0.02256313085364004,0.8131068926973418,0.6121933621933623,0.700563236047107,0.6384479717813051,0.010796074244715124,0.8875576036866359,0.52,0.8387096774193549,0.6419753086419753,0.5308471864841474,0.6428571428571428,0.18,0.6428571428571429,0.28125,0.16474251612245544,0.9032258064516129,0.7058823529411765,0.8571428571428571,0.7741935483870968,0.6644443332049165,0.8112135176651306,0.4686274509803921,0.7795698924731184,0.5658062856763574,0.45334467860383976
2,1,10,200_redundant_values,rf,Random UnderSampling,0.8055026455026455,0.8696123610734616,0.7888655462184875,0.8780487804878049,0.6857142857142857,0.7700534759358288,-0.37121636482103115,0.5555555555555556,0.8064516129032258,0.6578947368421053,0.4283775487023928,0.34782608695652173,0.5714285714285714,0.43243243243243246,-0.03194281180145214,0.8213268509315315,0.5938101409999608,0.6878648233486944,0.6201268817367889,0.008406124026636505,0.8159754224270354,0.4888888888888889,0.7096774193548387,0.5789473684210527,0.4374238579729772,0.6870748299319728,0.17647058823529413,0.6428571428571429,0.27692307692307694,0.15811388300841897,0.8548387096774194,0.8461538461538461,0.7857142857142857,0.8148148148148148,0.7366357763010304,0.7859629873454758,0.5038377744260097,0.7127496159754224,0.5568950867196482,0.44405783909414226
3,1,1000,200_redundant_values,rf,Random UnderSampling,0.8404232804232804,0.8894009216589862,0.7668067226890756,0.8918918918918919,0.6285714285714286,0.7374301675977654,-0.3549624947227557,0.5777777777777777,0.8387096774193549,0.6842105263157895,0.5043310147843774,0.1935483870967742,0.42857142857142855,0.26666666666666666,-0.13249233281884493,0.8322103082571141,0.5544060189221479,0.6319508448540707,0.5627691201934072,0.005625395747592243,0.8522273425499232,0.5217391304347826,0.7741935483870968,0.6233766233766234,0.5006910635014596,0.7653061224489796,0.2,0.7142857142857143,0.3125,0.21758445525607323,0.912442396313364,0.6470588235294118,0.7857142857142857,0.7096774193548387,0.5654377272637866,0.8433252871040889,0.4562659846547315,0.7580645161290321,0.5485180142438207,0.4279044153404398
0,0,10,200_redundant_values,rf,NearMiss (v1),0.7953439153439152,0.8259690973163458,0.6927521008403362,0.8488372093023255,0.6952380952380952,0.7643979057591623,-0.3177129971856906,0.43478260869565216,0.6451612903225806,0.5194805194805194,0.32749841578425304,0.2222222222222222,0.2857142857142857,0.25,0.018851154527185277,0.7713550378335324,0.5019473467400667,0.5420378904249872,0.5112928084132272,0.009545524375249229,0.8820276497695853,0.5319148936170213,0.8064516129032258,0.6410256410256411,0.5265666768874318,0.6585034013605443,0.2,0.5714285714285714,0.2962962962962963,0.18187954468925666,0.8870967741935484,0.5714285714285714,0.8571428571428571,0.6857142857142857,0.525986955935555,0.8092092751078926,0.4344478216818642,0.7450076804915514,0.5410120743454078,0.4114777258374145
1,0,1000,200_redundant_values,rf,NearMiss (v1),0.7993650793650793,0.8465708864190837,0.755252100840336,0.8817204301075269,0.780952380952381,0.8282828282828283,-0.41762930742892507,0.6666666666666666,0.6451612903225806,0.6557377049180327,0.44900063482329217,0.3333333333333333,0.6428571428571429,0.43902439024390244,0.06015644251318079,0.8003960222081664,0.6272401433691756,0.6896569380440348,0.6410149744815877,0.030509256635849292,0.89431643625192,0.5208333333333334,0.8064516129032258,0.6329113924050633,0.5156445557016884,0.6469387755102041,0.21428571428571427,0.6428571428571429,0.32142857142857145,0.2215228119522081,0.868663594470046,0.6666666666666666,0.8571428571428571,0.75,0.6270894413356963,0.8033062687440568,0.4672619047619048,0.7688172043010754,0.5681133212778783,0.4547522696631976
2,1,10,200_redundant_values,rf,NearMiss (v1),0.788994708994709,0.852805638384386,0.6985294117647058,0.868421052631579,0.6285714285714286,0.7292817679558011,-0.34122440653787917,0.5142857142857142,0.5806451612903226,0.5454545454545454,0.3335630080759952,0.15384615384615385,0.42857142857142855,0.22641509433962265,0.06729000539792139,0.7801099197146003,0.512184306921149,0.5459293394777266,0.500383802583323,0.019876202312012477,0.8377880184331797,0.5111111111111111,0.7419354838709677,0.6052631578947368,0.4746747312881462,0.5551020408163265,0.2,0.5714285714285714,0.2962962962962963,0.18187954468925666,0.8732718894009216,0.5454545454545454,0.8571428571428571,0.6666666666666666,0.4950714269138234,0.7553873162168093,0.4188552188552188,0.7235023041474654,0.5227420402858999,0.38387523429707543
3,1,1000,200_redundant_values,rf,NearMiss (v1),0.8057142857142856,0.8606668473841149,0.6754201680672269,0.8518518518518519,0.6571428571428571,0.7419354838709677,-0.3357731059432726,0.5384615384615384,0.6774193548387096,0.6,0.4005659755291358,0.13333333333333333,0.2857142857142857,0.18181818181818182,-0.02088375045689731,0.7806004337218759,0.5078822412155746,0.5400921658986175,0.5079178885630499,0.014636373042988636,0.875268817204301,0.5909090909090909,0.8387096774193549,0.6933333333333334,0.5983620929022221,0.7795918367346939,0.2619047619047619,0.7857142857142857,0.39285714285714285,0.33067898016054253,0.8410138248847926,0.6470588235294118,0.7857142857142857,0.7096774193548387,0.5654377272637866,0.8319581596079292,0.4999575587810883,0.8033794162826421,0.5986226318484383,0.4981596001088504
0,0,10,200_redundant_values,rf,NearMiss (v2),0.7532275132275132,0.8148549742477637,0.5982142857142857,0.8356164383561644,0.580952380952381,0.6853932584269663,-0.2505084576594488,0.45652173913043476,0.6774193548387096,0.5454545454545454,0.34259514669010366,0.16129032258064516,0.35714285714285715,0.2222222222222222,-0.08091659772500391,0.7220989243965209,0.4844761666890815,0.538504864311316,0.4843566753679114,0.003723363768550319,0.827342549923195,0.45098039215686275,0.7419354838709677,0.5609756097560976,0.4118321682032926,0.6367346938775511,0.17307692307692307,0.6428571428571429,0.2727272727272727,0.15156411204910053,0.8410138248847927,0.6,0.6428571428571429,0.6206896551724138,0.44124875164638494,0.7683636895618463,0.40801910507792866,0.6758832565284179,0.4847975125519281,0.3348816772995927
1,0,1000,200_redundant_values,rf,NearMiss (v2),0.7980952380952381,0.8517213336947682,0.7463235294117647,0.8831168831168831,0.6476190476190476,0.7472527472527473,-0.33444457542228856,0.5348837209302325,0.7419354838709677,0.6216216216216216,0.41892292205551956,0.26666666666666666,0.5714285714285714,0.36363636363636365,-0.05569000121839283,0.7987133670672572,0.561555756904594,0.6536610343061956,0.5775035775035775,0.009596115138279392,0.903225806451613,0.5208333333333334,0.8064516129032258,0.6329113924050633,0.5156445557016884,0.6925170068027211,0.225,0.6428571428571429,0.3333333333333333,0.2370929778984953,0.8917050691244239,0.5789473684210527,0.7857142857142857,0.6666666666666666,0.49456928718631715,0.8291492941262527,0.441593567251462,0.7450076804915514,0.5443037974683543,0.41576894026216693
2,1,10,200_redundant_values,rf,NearMiss (v2),0.7853968253968254,0.8080780699376524,0.5919117647058824,0.8783783783783784,0.6190476190476191,0.7262569832402235,-0.341038756697543,0.45454545454545453,0.6451612903225806,0.5333333333333333,0.31659891407855995,0.1875,0.42857142857142855,0.2608695652173913,0.06434570792389692,0.7284622200134533,0.5068079443079443,0.5642601126472094,0.5068199605969828,0.013301955101637947,0.8036866359447005,0.4489795918367347,0.7096774193548387,0.55,0.39542997206221636,0.5544217687074829,0.14583333333333334,0.5,0.22580645161290322,0.07193121823307681,0.8986175115207373,0.6666666666666666,0.7142857142857143,0.6896551724137931,0.5430753866417045,0.7522419720576403,0.4204931972789116,0.641321044546851,0.48848720800889883,0.33681219231233256
3,1,1000,200_redundant_values,rf,NearMiss (v2),0.848042328042328,0.8555164001084304,0.808298319327731,0.9146341463414634,0.7142857142857143,0.8021390374331551,-0.42715052325714836,0.5116279069767442,0.7096774193548387,0.5945945945945946,0.37274082628751765,0.36,0.6428571428571429,0.46153846153846156,0.11830029697180384,0.8372856824928299,0.5954206844394024,0.6889400921658986,0.619424031188737,0.021296866667391043,0.8712749615975423,0.49056603773584906,0.8387096774193549,0.6190476190476191,0.5002627158822543,0.6693877551020408,0.1891891891891892,0.5,0.27450980392156865,0.14915715743373253,0.8847926267281105,0.7058823529411765,0.8571428571428571,0.7741935483870968,0.6644443332049165,0.8084851144758979,0.4618791932887382,0.7319508448540707,0.5559169904520949,0.43795473550696773
0,0,10,200_redundant_values,rf,NearMiss (v3),0.804021164021164,0.8202764976958525,0.7337184873949579,0.8846153846153846,0.6571428571428571,0.7540983606557377,-0.3834540944616847,0.4772727272727273,0.6774193548387096,0.56,0.3624680420036572,0.14285714285714285,0.2857142857142857,0.19047619047619047,0.06812779582166865,0.7860053830373248,0.5015817515817516,0.5400921658986175,0.5015248503773094,0.015713914454547038,0.840552995391705,0.4583333333333333,0.7096774193548387,0.5569620253164557,0.4056116170373114,0.5598639455782313,0.16071428571428573,0.6428571428571429,0.2571428571428571,0.12602564856706674,0.8548387096774194,0.5263157894736842,0.7142857142857143,0.6060606060606061,0.3973831827173902,0.7517518835491185,0.3817878028404344,0.6889400921658987,0.4733884961733063,0.30967348277392276
1,0,1000,200_redundant_values,rf,NearMiss (v3),0.7953439153439154,0.8742206560043372,0.641281512605042,0.8681318681318682,0.7523809523809524,0.8061224489795918,-0.38628506094939186,0.5526315789473685,0.6774193548387096,0.6086956521739131,0.4120962857317515,0.2857142857142857,0.42857142857142855,0.34285714285714286,0.027284305604585973,0.7702820279844316,0.5688259109311741,0.6194572452636968,0.5858917480035494,0.01769851012898187,0.8528417818740399,0.4897959183673469,0.7741935483870968,0.6,0.46844894857336566,0.6482993197278911,0.17391304347826086,0.5714285714285714,0.26666666666666666,0.1386282379823495,0.9308755760368663,0.7333333333333333,0.7857142857142857,0.7586206896551724,0.6449020216370241,0.8106722258795992,0.46568076505964706,0.7104454685099846,0.5417624521072797,0.41732640273091315
2,1,10,200_redundant_values,rf,NearMiss (v3),0.8148148148148149,0.867985904039035,0.8082983193277311,0.9014084507042254,0.6095238095238096,0.7272727272727273,-0.3481867925772759,0.5348837209302325,0.7419354838709677,0.6216216216216216,0.37274082628751765,0.3055555555555556,0.7857142857142857,0.44,0.012387635434677066,0.830366346060527,0.5806159090633378,0.7123911930363543,0.5962981162981164,0.012313889714972931,0.8175115207373272,0.5588235294117647,0.6129032258064516,0.5846153846153846,0.4553825555391872,0.6891156462585034,0.1774193548387097,0.7857142857142857,0.2894736842105263,0.19348470938914625,0.8663594470046083,0.6666666666666666,0.7142857142857143,0.6896551724137931,0.5430753866417045,0.7909955380001463,0.46763651697238034,0.7043010752688171,0.5212480804132347,0.39731421719001264
3,1,1000,200_redundant_values,rf,NearMiss (v3),0.8304761904761905,0.8864190837625373,0.8188025210084034,0.9090909090909091,0.6666666666666666,0.7692307692307693,-0.3901543880967397,0.6111111111111112,0.7096774193548387,0.6567164179104478,0.45247468377188865,0.24324324324324326,0.6428571428571429,0.35294117647058826,0.004091011998514394,0.8452325984157104,0.5878150878150878,0.6730670762928828,0.5929627878706017,0.022137102557887783,0.869431643625192,0.5897435897435898,0.7419354838709677,0.6571428571428571,0.5468664842601121,0.6571428571428571,0.17543859649122806,0.7142857142857143,0.28169014084507044,0.17198640834590778,0.8456221198156683,0.5882352941176471,0.7142857142857143,0.6451612903225806,0.4664311213226566,0.7907322068612391,0.4511391601174883,0.7235023041474654,0.5279980961035027,0.39509467130955883
0,0,10,200_redundant_values,xgb,No Sampling,0.7513227513227513,0.7685009487666035,0.7247899159663866,0.7886178861788617,0.9238095238095239,0.8508771929824561,-0.3681864192372993,0.5833333333333334,0.45161290322580644,0.509090909090909,0.3387524587256511,0.6666666666666666,0.14285714285714285,0.23529411764705882,0.12331357412644126,0.7482045386852471,0.6795392953929539,0.5060931899641578,0.5317540732401413,0.03129320453826435,0.8307219662058373,0.6071428571428571,0.5483870967741935,0.576271186440678,0.460257424974289,0.7306122448979592,0.8333333333333334,0.35714285714285715,0.5,0.5118555136592,0.9447004608294931,0.9090909090909091,0.7142857142857143,0.8,0.7347017007755273,0.8353448906444298,0.7831890331890331,0.5399385560675883,0.6254237288135593,0.5689382131363389
1,0,1000,200_redundant_values,xgb,No Sampling,0.7511111111111112,0.8492816481431282,0.6286764705882353,0.7874015748031497,0.9523809523809523,0.8620689655172413,-0.4124229168881039,0.7,0.45161290322580644,0.5490196078431373,0.4068336157285005,0.3333333333333333,0.07142857142857142,0.11764705882352941,0.07359035875287623,0.7430230766141582,0.6069116360454944,0.4918074756784434,0.5095785440613027,0.022667019197757616,0.832258064516129,0.625,0.3225806451612903,0.425531914893617,0.3456110597308699,0.5918367346938775,1.0,0.14285714285714285,0.25,0.35805743701971643,0.9251152073732719,0.8181818181818182,0.6428571428571429,0.72,0.6230071854549235,0.7830700021944262,0.8143939393939394,0.36943164362519204,0.46517730496453896,0.4422252274018366
2,1,10,200_redundant_values,xgb,No Sampling,0.714920634920635,0.8040119273515858,0.5971638655462185,0.7933884297520661,0.9142857142857143,0.8495575221238938,-0.35795254561385037,0.625,0.4838709677419355,0.5454545454545454,0.3767291917666433,0.6,0.21428571428571427,0.3157894736842105,0.0180974038163273,0.7053654759394797,0.6727961432506887,0.5374807987711213,0.5702671804208833,0.012291349989706749,0.7834101382488479,0.6875,0.3548387096774194,0.46808510638297873,0.4000128006144328,0.6496598639455782,0.25,0.21428571428571427,0.23076923076923078,0.1375690141160422,0.9285714285714285,0.8888888888888888,0.5714285714285714,0.6956521739130435,0.6240199689585152,0.7872138102552849,0.6087962962962963,0.38018433179723504,0.4648355036884177,0.38720059456299677
3,1,1000,200_redundant_values,xgb,No Sampling,0.7906878306878307,0.850365952832746,0.7967436974789917,0.7615384615384615,0.9428571428571428,0.8425531914893617,-0.3249208071925608,0.6111111111111112,0.3548387096774194,0.4489795918367347,0.31875588564149654,0.0,0.0,0.0,0.05988293807532691,0.8125991603331895,0.45754985754985755,0.43256528417818735,0.4305109277753654,0.017906005508087557,0.871889400921659,0.6666666666666666,0.3870967741935484,0.4897959183673469,0.40846187698408387,0.7727891156462585,1.0,0.14285714285714285,0.25,0.35805743701971643,0.912442396313364,0.8,0.2857142857142857,0.42105263157894735,0.37336432831617183,0.8523736376270938,0.8222222222222223,0.271889400921659,0.3869495166487648,0.37996121410665734
0,0,10,200_redundant_values,xgb,Random OverSampling,0.7678306878306878,0.8221740309026836,0.7158613445378152,0.8125,0.8666666666666667,0.8387096774193549,-0.3960904745303629,0.5757575757575758,0.6129032258064516,0.59375,0.39121146564014514,0.4,0.14285714285714285,0.21052631578947367,0.05687755485131436,0.7686220210903955,0.5960858585858585,0.5408090117767537,0.5476619977362762,0.01733284865369887,0.8614439324116743,0.5806451612903226,0.5806451612903226,0.5806451612903226,0.45683563748079875,0.6891156462585034,0.25,0.14285714285714285,0.18181818181818182,0.11028219331407116,0.9285714285714286,0.75,0.6428571428571429,0.6923076923076923,0.571683803493863,0.8263770024138687,0.5268817204301075,0.45545314900153616,0.4849236784720656,0.379600544762911
1,0,1000,200_redundant_values,xgb,Random OverSampling,0.7964021164021163,0.8579560856600705,0.7321428571428571,0.8114754098360656,0.9428571428571428,0.8722466960352423,-0.46117277171591087,0.72,0.5806451612903226,0.6428571428571429,0.4732011878872154,0.6666666666666666,0.14285714285714285,0.23529411764705882,0.023867143379311208,0.795500353068348,0.7327140255009107,0.5554531490015361,0.583465985513148,0.011965186516871907,0.8703533026113671,0.6538461538461539,0.5483870967741935,0.5964912280701754,0.49359012095277516,0.7163265306122449,0.2857142857142857,0.14285714285714285,0.19047619047619047,0.13041013273932528,0.9377880184331797,0.9090909090909091,0.7142857142857143,0.8,0.7347017007755273,0.8414892838855973,0.6162171162171162,0.4685099846390169,0.5289891395154553,0.45290065148920927
2,1,10,200_redundant_values,xgb,Random OverSampling,0.7494179894179894,0.8628354567633505,0.7321428571428572,0.8205128205128205,0.9142857142857143,0.8648648648648649,-0.4416253143051123,0.6666666666666666,0.5806451612903226,0.6206896551724138,0.4406640608194448,0.5,0.21428571428571427,0.3,0.06962700261710165,0.781465434441399,0.6623931623931624,0.5697388632872503,0.5951848400124262,0.022888583043811386,0.8187403993855606,0.64,0.5161290322580645,0.5714285714285714,0.4661558568222327,0.8401360544217686,0.375,0.21428571428571427,0.2727272727272727,0.2144375981106939,0.9032258064516129,0.8,0.5714285714285714,0.6666666666666666,0.564473806369864,0.8540340867529808,0.6050000000000001,0.43394777265745005,0.5036075036075035,0.4150224204342636
3,1,1000,200_redundant_values,xgb,Random OverSampling,0.7722751322751322,0.844944429384657,0.7715336134453782,0.8189655172413793,0.9047619047619048,0.8597285067873304,-0.42852941396468625,0.6538461538461539,0.5483870967741935,0.5964912280701754,0.41978167859055876,0.375,0.21428571428571427,0.2727272727272727,0.09128939818726756,0.7962510583683892,0.6159372236958444,0.5558115719406042,0.5763156691949262,0.027513887604380022,0.8276497695852534,0.6666666666666666,0.45161290322580644,0.5384615384615384,0.4469068454763058,0.7462585034013606,0.5,0.21428571428571427,0.3,0.2734570552425863,0.8847926267281107,0.875,0.5,0.6363636363636364,0.5663766203017313,0.8195669665715749,0.6805555555555555,0.3886328725038402,0.4916083916083916,0.42891350700687453
0,0,10,200_redundant_values,xgb,SMOTE,0.779047619047619,0.842504743833017,0.6670168067226891,0.8272727272727273,0.8666666666666667,0.8465116279069768,-0.4208286266190538,0.5882352941176471,0.6451612903225806,0.6153846153846154,0.4119025613794035,0.5,0.21428571428571427,0.3,0.06962700261710165,0.762856389867775,0.6385026737967915,0.5753712237583205,0.587298747763864,0.020233645792483792,0.8282642089093702,0.5806451612903226,0.5806451612903226,0.5806451612903226,0.45683563748079875,0.6979591836734694,0.42857142857142855,0.21428571428571427,0.2857142857142857,0.24125874556775176,0.9251152073732718,0.8333333333333334,0.7142857142857143,0.7692307692307693,0.6802313611192802,0.8171128666520371,0.6141833077316948,0.5030721966205838,0.5451967387451259,0.45944191472261026
1,0,1000,200_redundant_values,xgb,SMOTE,0.7908994708994709,0.8500948766603416,0.743172268907563,0.8099173553719008,0.9333333333333333,0.8672566371681416,-0.44608925251154824,0.6923076923076923,0.5806451612903226,0.631578947368421,0.45656161538295587,0.6666666666666666,0.14285714285714285,0.23529411764705882,0.023867143379311208,0.7947222054891251,0.7229639047820866,0.5522785458269329,0.5780432340612072,0.011446502083572944,0.8528417818740399,0.5384615384615384,0.45161290322580644,0.49122807017543857,0.3598684945591946,0.7142857142857143,0.4,0.2857142857142857,0.3333333333333333,0.26544060653247886,0.9308755760368664,0.7857142857142857,0.7857142857142857,0.7857142857142857,0.6889400921658986,0.8326676907322069,0.5747252747252748,0.5076804915514592,0.5367585630743524,0.43808306441919065
2,1,10,200_redundant_values,xgb,SMOTE,0.7464550264550265,0.837625372729737,0.759453781512605,0.811965811965812,0.9047619047619048,0.8558558558558559,-0.4416253143051123,0.6785714285714286,0.6129032258064516,0.6440677966101694,0.46117277171591087,0.2,0.07142857142857142,0.10526315789473684,0.0180974038163273,0.7811780602324562,0.5635124135124135,0.5296979006656426,0.5350622701202541,0.012548287075708616,0.832258064516129,0.6071428571428571,0.5483870967741935,0.576271186440678,0.460257424974289,0.7074829931972788,0.2857142857142857,0.14285714285714285,0.19047619047619047,0.13041013273932528,0.9447004608294931,0.875,0.5,0.6363636363636364,0.5663766203017313,0.8281471728476336,0.5892857142857143,0.39708141321044543,0.4677036710935016,0.38568139267178186
3,1,1000,200_redundant_values,xgb,SMOTE,0.7980952380952381,0.8663594470046083,0.8277310924369747,0.8305084745762712,0.9333333333333333,0.8789237668161435,-0.48916332185807554,0.7407407407407407,0.6451612903225806,0.6896551724137931,0.5131417024015903,0.6,0.21428571428571427,0.3157894736842105,0.0180974038163273,0.8307285925122736,0.7237497384390039,0.5975934459805428,0.6281228043047157,0.014025261453280683,0.8725038402457758,0.7391304347826086,0.5483870967741935,0.6296296296296297,0.5497558096452899,0.8231292517006803,0.5,0.21428571428571427,0.3,0.2734570552425863,0.903225806451613,0.8,0.5714285714285714,0.6666666666666666,0.564473806369864,0.8662862994660231,0.6797101449275362,0.44470046082949305,0.5320987654320987,0.4625622237525801
0,0,10,200_redundant_values,xgb,Random UnderSampling,0.7739682539682539,0.8284087828679859,0.7436974789915967,0.8732394366197183,0.5904761904761905,0.7045454545454546,-0.3342444490410796,0.46,0.7419354838709677,0.5679012345679012,0.3494866503640873,0.1724137931034483,0.35714285714285715,0.23255813953488372,0.005405718023058804,0.7820248386092787,0.5018844099077221,0.5631848438300051,0.5016682762160798,0.0068826397820221825,0.8559139784946237,0.4716981132075472,0.8064516129032258,0.5952380952380952,0.46432202419710555,0.5537414965986395,0.125,0.42857142857142855,0.1935483870967742,0.01876466562602004,0.847926267281106,0.7692307692307693,0.7142857142857143,0.7407407407407407,0.6307296742769206,0.752527247458123,0.4553096274794388,0.6497695852534563,0.5098424076918701,0.3712721213666821
1,0,1000,200_redundant_values,xgb,Random UnderSampling,0.7625396825396825,0.8750338845215506,0.7001050420168068,0.8641975308641975,0.6666666666666666,0.7526881720430108,-0.3357731059432726,0.5476190476190477,0.7419354838709677,0.6301369863013698,0.4452730517246518,0.18518518518518517,0.35714285714285715,0.24390243902439024,-0.08479884065111026,0.7792262030260133,0.5323339212228101,0.5885816692268305,0.542242532456257,0.008233701710089655,0.8814132104454685,0.5283018867924528,0.9032258064516129,0.6666666666666666,0.5721440992525518,0.5802721088435374,0.15555555555555556,0.5,0.23728813559322035,0.09175193958940824,0.870967741935484,0.6666666666666666,0.5714285714285714,0.6153846153846154,0.46313624586844604,0.7775510204081634,0.4501747030048917,0.6582181259600615,0.5064464725481675,0.37567742823680206
2,1,10,200_redundant_values,xgb,Random UnderSampling,0.7995767195767196,0.8387096774193548,0.8146008403361344,0.8795180722891566,0.6952380952380952,0.776595744680851,-0.36480883525968955,0.5434782608695652,0.8064516129032258,0.6493506493506493,0.4180788012193568,0.42857142857142855,0.6428571428571429,0.5142857142857142,-0.03290166264082426,0.8176290791107362,0.6171892539100502,0.7148489503328213,0.6467440361057383,0.006789434439614335,0.7978494623655914,0.4888888888888889,0.7096774193548387,0.5789473684210527,0.4374238579729772,0.689795918367347,0.17647058823529413,0.6428571428571429,0.27692307692307694,0.15811388300841897,0.8133640552995391,0.6,0.6428571428571429,0.6206896551724138,0.44124875164638494,0.7670031453441591,0.42178649237472765,0.6651305683563749,0.49218670017218114,0.3455954975425937
3,1,1000,200_redundant_values,xgb,Random UnderSampling,0.8118518518518518,0.8159392789373814,0.8188025210084033,0.8641975308641975,0.6666666666666666,0.7526881720430108,-0.32180583864113976,0.4883720930232558,0.6774193548387096,0.5675675675675675,0.3265587305195157,0.34615384615384615,0.6428571428571429,0.45,0.03359234227038934,0.8155312172658787,0.5662411566804332,0.6623143881208398,0.5900852465368595,0.012781744716255102,0.8313364055299539,0.5454545454545454,0.7741935483870968,0.64,0.5234290867929199,0.6435374149659864,0.16666666666666666,0.5,0.25,0.11236664374387369,0.8341013824884792,0.6428571428571429,0.6428571428571429,0.6428571428571429,0.4815668202764977,0.7696584009948064,0.45165945165945165,0.6390168970814133,0.5109523809523809,0.37245418360443044
0,0,10,200_redundant_values,xgb,NearMiss (v1),0.7703703703703704,0.8124152886961236,0.5703781512605042,0.8846153846153846,0.6571428571428571,0.7540983606557377,-0.36952044277339674,0.4888888888888889,0.7096774193548387,0.5789473684210527,0.397996162269599,0.14814814814814814,0.2857142857142857,0.1951219512195122,0.005798211326571642,0.7177212701089993,0.5072174738841405,0.5508448540706605,0.5093892267654342,0.0114246436075913,0.8528417818740399,0.47058823529411764,0.7741935483870968,0.5853658536585366,0.4480371939794062,0.6758503401360544,0.14754098360655737,0.6428571428571429,0.24,0.09515292700499675,0.7315668202764978,0.38461538461538464,0.7142857142857143,0.5,0.1857334440961715,0.753419647428864,0.33424820117201987,0.7104454685099847,0.4417886178861788,0.24297452169352485
1,0,1000,200_redundant_values,xgb,NearMiss (v1),0.7587301587301587,0.8408782867985903,0.6722689075630252,0.8444444444444444,0.7238095238095238,0.7794871794871795,-0.34955597232259206,0.5757575757575758,0.6129032258064516,0.59375,0.4080160818618009,0.14814814814814814,0.2857142857142857,0.1951219512195122,0.005798211326571642,0.7572924510305913,0.5227833894500561,0.5408090117767537,0.5227863769022305,0.02141944028859349,0.837173579109063,0.5581395348837209,0.7741935483870968,0.6486486486486487,0.5352184491179075,0.5707482993197279,0.11666666666666667,0.5,0.1891891891891892,-0.003068582059661078,0.7016129032258065,0.4074074074074074,0.7857142857142857,0.5365853658536586,0.25475508554262666,0.7031782605515325,0.3607378696525983,0.6866359447004609,0.4581410678971655,0.2623016508669577
2,1,10,200_redundant_values,xgb,NearMiss (v1),0.75005291005291,0.815668202764977,0.618172268907563,0.8765432098765432,0.6761904761904762,0.7634408602150538,-0.377674907849671,0.47368421052631576,0.5806451612903226,0.5217391304347826,0.33206722972480857,0.12903225806451613,0.2857142857142857,0.17777777777777778,0.10819443095241316,0.72796446057515,0.493086559489125,0.5141833077316948,0.48765258947587137,0.020862250942516907,0.8145929339477727,0.4634146341463415,0.6129032258064516,0.5277777777777778,0.3687529460134651,0.5003401360544217,0.1282051282051282,0.35714285714285715,0.18867924528301888,0.02288021576612147,0.8398617511520737,0.5789473684210527,0.7857142857142857,0.6666666666666666,0.49456928718631715,0.718264940384756,0.3901890435908408,0.5852534562211981,0.46104122990915447,0.2954008163219679
3,1,1000,200_redundant_values,xgb,NearMiss (v1),0.7564021164021164,0.8403361344537815,0.6218487394957983,0.8333333333333334,0.6190476190476191,0.7103825136612022,-0.28591853264366895,0.525,0.6774193548387096,0.5915492957746479,0.37360346901841185,0.15625,0.35714285714285715,0.21739130434782608,-0.054603223977673095,0.7395289967838988,0.5048611111111111,0.5512032770097286,0.5064410379278921,0.011027237465689933,0.8614439324116743,0.5945945945945946,0.7096774193548387,0.6470588235294118,0.5343212109460923,0.5884353741496599,0.1388888888888889,0.35714285714285715,0.2,0.04342026086971096,0.7995391705069125,0.4666666666666667,0.5,0.4827586206896552,0.23759548165574576,0.7498061590227488,0.4000500500500501,0.522273425499232,0.4432724814063557,0.27177898449051635
0,0,10,200_redundant_values,xgb,NearMiss (v2),0.702010582010582,0.8037408511791814,0.6502100840336135,0.8285714285714286,0.5523809523809524,0.6628571428571428,-0.25767542199386184,0.47619047619047616,0.6451612903225806,0.547945205479452,0.321241560993551,0.13157894736842105,0.35714285714285715,0.19230769230769232,-0.036066427907128946,0.7186538390744589,0.4787802840434419,0.5182283666154635,0.46770334688142906,0.009166570364186737,0.7803379416282642,0.38461538461538464,0.6451612903225806,0.4819277108433735,0.2938481420502126,0.6047619047619047,0.14285714285714285,0.5,0.2222222222222222,0.06546536707079773,0.8732718894009217,0.5714285714285714,0.8571428571428571,0.6857142857142857,0.525986955935555,0.7527905785970302,0.36630036630036633,0.6674347158218126,0.46328807292662716,0.2951001550188551
1,0,1000,200_redundant_values,xgb,NearMiss (v2),0.7583068783068783,0.8392518297641638,0.6875,0.8421052631578947,0.6095238095238096,0.7071823204419889,-0.2855294544370284,0.525,0.6774193548387096,0.5915492957746479,0.37360346901841185,0.17647058823529413,0.42857142857142855,0.25,-0.05364931100851219,0.7616862360236807,0.5145252837977295,0.5718381976446493,0.5162438720722123,0.011474901190957095,0.7732718894009217,0.4098360655737705,0.8064516129032258,0.5434782608695652,0.3910373077108592,0.6295918367346939,0.16666666666666666,0.6428571428571429,0.2647058823529412,0.1386750490563073,0.8755760368663594,0.6111111111111112,0.7857142857142857,0.6875,0.5291067161269938,0.7594799210006583,0.3958712811171828,0.7450076804915514,0.49856138107416875,0.35293969096472005
2,1,10,200_redundant_values,xgb,NearMiss (v2),0.7743915343915345,0.7896448902141502,0.5703781512605042,0.9,0.6857142857142857,0.7783783783783784,-0.39814108524683345,0.4791666666666667,0.7419354838709677,0.5822784810126582,0.3981471580727805,0.22727272727272727,0.35714285714285715,0.2777777777777778,0.036468316147162394,0.7114715252887297,0.535479797979798,0.5949308755760369,0.5461448790562714,0.01215812965770315,0.8110599078341014,0.46,0.7419354838709677,0.5679012345679012,0.4217909669043226,0.5166666666666666,0.0625,0.21428571428571427,0.0967741935483871,-0.1407349921951503,0.8755760368663595,0.7333333333333333,0.7857142857142857,0.7586206896551724,0.6449020216370241,0.7344342037890425,0.4186111111111111,0.5806451612903226,0.47443203925715355,0.30865266544873216
3,1,1000,200_redundant_values,xgb,NearMiss (v2),0.7735449735449735,0.7628083491461101,0.6376050420168067,0.8860759493670886,0.6666666666666666,0.7608695652173914,-0.362872727768736,0.41935483870967744,0.41935483870967744,0.41935483870967744,0.2285378128380422,0.175,0.5,0.25925925925925924,0.20044455781605802,0.7246527882359635,0.493476929358922,0.528673835125448,0.47982788772877605,0.022036547628454733,0.7901689708141321,0.4074074074074074,0.7096774193548387,0.5176470588235295,0.34716513836462437,0.5632653061224491,0.11764705882352941,0.42857142857142855,0.18461538461538463,0.0,0.859447004608295,0.6666666666666666,0.7142857142857143,0.6896551724137931,0.5430753866417045,0.7376270938482921,0.39724037763253445,0.6175115207373273,0.4639725386175691,0.2967468416687763
0,0,10,200_redundant_values,xgb,NearMiss (v3),0.7417989417989417,0.8178368121442126,0.6659663865546218,0.8732394366197183,0.5904761904761905,0.7045454545454546,-0.3203021055048833,0.5217391304347826,0.7741935483870968,0.6233766233766234,0.4180788012193568,0.18181818181818182,0.42857142857142855,0.2553191489361702,-0.07931778856621499,0.7418673801659253,0.5255989162908942,0.597747055811572,0.527747075619416,0.006152969049419504,0.770199692780338,0.40816326530612246,0.6451612903225806,0.5,0.3224109955510671,0.5482993197278911,0.14035087719298245,0.5714285714285714,0.22535211267605634,0.0675660889930352,0.8387096774193549,0.5555555555555556,0.7142857142857143,0.625,0.4311239909182913,0.7190695633091947,0.36802323268488685,0.6436251920122888,0.4501173708920188,0.2737003584874645
1,0,1000,200_redundant_values,xgb,NearMiss (v3),0.7691005291005291,0.7983193277310925,0.6271008403361344,0.863013698630137,0.6,0.7078651685393258,-0.29229081716528715,0.45,0.5806451612903226,0.5070422535211268,0.3106365922175559,0.16216216216216217,0.42857142857142855,0.23529411764705882,0.020239743571597527,0.7315068990559187,0.49172528693076645,0.5364055299539171,0.48340051323583716,0.012861839541288759,0.8559139784946236,0.5531914893617021,0.8387096774193549,0.6666666666666666,0.5634236341991614,0.5795918367346939,0.15789473684210525,0.6428571428571429,0.2535211267605634,0.1197762486694715,0.7995391705069124,0.5,0.7857142857142857,0.6111111111111112,0.3990446415210559,0.7450149952454099,0.40369540873460247,0.7557603686635944,0.510432968179447,0.3607481747965629
2,1,10,200_redundant_values,xgb,NearMiss (v3),0.7811640211640212,0.8037408511791814,0.7610294117647058,0.8732394366197183,0.5904761904761905,0.7045454545454546,-0.30635976196868697,0.41509433962264153,0.7096774193548387,0.5238095238095238,0.27883537723975493,0.3076923076923077,0.5714285714285714,0.4,0.051982310666587886,0.7819780947026361,0.5320086946448892,0.6238607270865335,0.5427849927849927,0.008152641979218616,0.8043010752688171,0.5135135135135135,0.6129032258064516,0.5588235294117647,0.4161623740539483,0.6275510204081634,0.16666666666666666,0.7857142857142857,0.275,0.1697822010904791,0.8594470046082949,0.5217391304347826,0.8571428571428571,0.6486486486486487,0.4651964270138513,0.7637663667617586,0.4006397702049876,0.7519201228878648,0.49415739268680453,0.3503803340527596
3,1,1000,200_redundant_values,xgb,NearMiss (v3),0.8220105820105821,0.8015722417999457,0.7657563025210083,0.92,0.6571428571428571,0.7666666666666667,-0.3898300085287497,0.5,0.6129032258064516,0.5507246376811594,0.3480730409261971,0.24324324324324326,0.6428571428571429,0.35294117647058826,0.10098340143701319,0.7964463754438453,0.5544144144144144,0.6376344086021506,0.5567774936061382,0.019742144611486864,0.8003072196620584,0.43478260869565216,0.6451612903225806,0.5194805194805194,0.3524995844237697,0.6469387755102041,0.15254237288135594,0.6428571428571429,0.2465753424657534,0.10740037208813773,0.8110599078341014,0.5217391304347826,0.8571428571428571,0.6486486486486487,0.4651964270138513,0.7527686343354546,0.3696880373372635,0.7150537634408601,0.47156817019830716,0.30836546117525293
